bull_ma,bull_mom,blend_lo,blend_w,riskon_rv,def_frac,lev,A_cagr,A_dd,A_calmar,B_cagr,B_dd,B_calmar
30,10,0.24,0.1,0.14,0.3333333333333333,1.0,32.21,-52.42,0.615,42.73,-51.47,0.83
30,10,0.24,0.1,0.14,0.3333333333333333,1.3,31.73,-52.42,0.605,45.51,-51.47,0.884
30,10,0.24,0.1,0.14,0.5,1.0,33.47,-52.42,0.638,43.18,-51.47,0.839
30,10,0.24,0.1,0.14,0.5,1.3,32.98,-52.42,0.629,45.97,-51.47,0.893
30,10,0.24,0.1,0.14,0.6666666666666666,1.0,33.69,-52.42,0.643,43.64,-51.47,0.848
30,10,0.24,0.1,0.14,0.6666666666666666,1.3,33.2,-52.42,0.633,46.44,-51.47,0.902
30,10,0.24,0.1,0.16,0.3333333333333333,1.0,34.18,-52.42,0.652,44.91,-53.66,0.837
30,10,0.24,0.1,0.16,0.3333333333333333,1.3,34.49,-52.42,0.658,47.41,-55.86,0.849
30,10,0.24,0.1,0.16,0.5,1.0,35.45,-52.42,0.676,45.37,-53.66,0.845
30,10,0.24,0.1,0.16,0.5,1.3,35.77,-52.42,0.682,47.87,-55.86,0.857
30,10,0.24,0.1,0.16,0.6666666666666666,1.0,35.68,-52.42,0.681,45.84,-53.66,0.854
30,10,0.24,0.1,0.16,0.6666666666666666,1.3,36.0,-52.42,0.687,48.35,-55.86,0.865
30,10,0.24,0.1,0.18,0.3333333333333333,1.0,33.96,-52.42,0.648,43.79,-58.6,0.747
30,10,0.24,0.1,0.18,0.3333333333333333,1.3,34.02,-52.42,0.649,45.34,-64.26,0.706
30,10,0.24,0.1,0.18,0.5,1.0,35.23,-52.42,0.672,44.24,-58.6,0.755
30,10,0.24,0.1,0.18,0.5,1.3,35.29,-52.42,0.673,45.8,-64.26,0.713
30,10,0.24,0.1,0.18,0.6666666666666666,1.0,35.46,-52.42,0.677,44.7,-58.6,0.763
30,10,0.24,0.1,0.18,0.6666666666666666,1.3,35.52,-52.42,0.678,46.27,-64.26,0.72
30,10,0.24,0.14,0.14,0.3333333333333333,1.0,32.26,-52.42,0.615,42.61,-51.47,0.828
30,10,0.24,0.14,0.14,0.3333333333333333,1.3,31.78,-52.42,0.606,45.38,-51.47,0.882
30,10,0.24,0.14,0.14,0.5,1.0,32.61,-52.42,0.622,43.16,-51.47,0.838
30,10,0.24,0.14,0.14,0.5,1.3,32.13,-52.42,0.613,45.95,-51.47,0.893
30,10,0.24,0.14,0.14,0.6666666666666666,1.0,33.47,-52.42,0.639,43.65,-51.47,0.848
30,10,0.24,0.14,0.14,0.6666666666666666,1.3,32.99,-52.42,0.629,46.45,-51.47,0.902
30,10,0.24,0.14,0.16,0.3333333333333333,1.0,34.23,-52.42,0.653,44.79,-53.66,0.835
30,10,0.24,0.14,0.16,0.3333333333333333,1.3,34.54,-52.42,0.659,47.28,-55.86,0.846
30,10,0.24,0.14,0.16,0.5,1.0,34.58,-52.42,0.66,45.35,-53.66,0.845
30,10,0.24,0.14,0.16,0.5,1.3,34.9,-52.42,0.666,47.85,-55.86,0.857
30,10,0.24,0.14,0.16,0.6666666666666666,1.0,35.46,-52.42,0.676,45.85,-53.66,0.854
30,10,0.24,0.14,0.16,0.6666666666666666,1.3,35.77,-52.42,0.682,48.36,-55.86,0.866
30,10,0.24,0.14,0.18,0.3333333333333333,1.0,34.01,-52.42,0.649,43.66,-58.6,0.745
30,10,0.24,0.14,0.18,0.3333333333333333,1.3,34.07,-52.42,0.65,45.22,-64.26,0.704
30,10,0.24,0.14,0.18,0.5,1.0,34.37,-52.42,0.656,44.22,-58.6,0.755
30,10,0.24,0.14,0.18,0.5,1.3,34.43,-52.42,0.657,45.78,-64.26,0.712
30,10,0.24,0.14,0.18,0.6666666666666666,1.0,35.24,-52.42,0.672,44.71,-58.6,0.763
30,10,0.24,0.14,0.18,0.6666666666666666,1.3,35.3,-52.42,0.673,46.28,-64.26,0.72
30,10,0.28,0.1,0.14,0.3333333333333333,1.0,32.36,-52.42,0.617,42.97,-51.47,0.835
30,10,0.28,0.1,0.14,0.3333333333333333,1.3,31.88,-52.42,0.608,45.75,-51.47,0.889
30,10,0.28,0.1,0.14,0.5,1.0,32.76,-52.42,0.625,42.84,-51.47,0.832
30,10,0.28,0.1,0.14,0.5,1.3,32.27,-52.42,0.616,45.62,-51.47,0.886
30,10,0.28,0.1,0.14,0.6666666666666666,1.0,33.06,-52.42,0.631,43.38,-51.47,0.843
30,10,0.28,0.1,0.14,0.6666666666666666,1.3,32.58,-52.42,0.621,46.18,-51.47,0.897
30,10,0.28,0.1,0.16,0.3333333333333333,1.0,34.33,-52.42,0.655,45.16,-53.66,0.841
30,10,0.28,0.1,0.16,0.3333333333333333,1.3,34.65,-52.42,0.661,47.65,-55.86,0.853
30,10,0.28,0.1,0.16,0.5,1.0,34.73,-52.42,0.663,45.02,-53.66,0.839
30,10,0.28,0.1,0.16,0.5,1.3,35.05,-52.42,0.669,47.52,-55.86,0.851
30,10,0.28,0.1,0.16,0.6666666666666666,1.0,35.04,-52.42,0.668,45.58,-53.66,0.849
30,10,0.28,0.1,0.16,0.6666666666666666,1.3,35.35,-52.42,0.674,48.08,-55.86,0.861
30,10,0.28,0.1,0.18,0.3333333333333333,1.0,34.11,-52.42,0.651,44.03,-58.6,0.751
30,10,0.28,0.1,0.18,0.3333333333333333,1.3,34.17,-52.42,0.652,45.59,-64.26,0.709
30,10,0.28,0.1,0.18,0.5,1.0,34.51,-52.42,0.658,43.9,-58.6,0.749
30,10,0.28,0.1,0.18,0.5,1.3,34.57,-52.42,0.66,45.45,-64.26,0.707
30,10,0.28,0.1,0.18,0.6666666666666666,1.0,34.82,-52.42,0.664,44.45,-58.6,0.759
30,10,0.28,0.1,0.18,0.6666666666666666,1.3,34.88,-52.42,0.665,46.01,-64.26,0.716
30,10,0.28,0.14,0.14,0.3333333333333333,1.0,31.31,-52.42,0.597,42.55,-51.47,0.827
30,10,0.28,0.14,0.14,0.3333333333333333,1.3,30.83,-52.42,0.588,45.33,-51.47,0.881
30,10,0.28,0.14,0.14,0.5,1.0,31.32,-52.42,0.598,42.87,-51.47,0.833
30,10,0.28,0.14,0.14,0.5,1.3,30.84,-52.42,0.588,45.65,-51.47,0.887
30,10,0.28,0.14,0.14,0.6666666666666666,1.0,31.8,-52.42,0.607,43.21,-51.47,0.839
30,10,0.28,0.14,0.14,0.6666666666666666,1.3,31.32,-52.42,0.597,46.0,-51.47,0.894
30,10,0.28,0.14,0.16,0.3333333333333333,1.0,33.26,-52.42,0.635,44.73,-53.66,0.834
30,10,0.28,0.14,0.16,0.3333333333333333,1.3,33.58,-52.42,0.641,47.22,-55.86,0.845
30,10,0.28,0.14,0.16,0.5,1.0,33.27,-52.42,0.635,45.05,-53.66,0.84
30,10,0.28,0.14,0.16,0.5,1.3,33.59,-52.42,0.641,47.55,-55.86,0.851
30,10,0.28,0.14,0.16,0.6666666666666666,1.0,33.76,-52.42,0.644,45.4,-53.66,0.846
30,10,0.28,0.14,0.16,0.6666666666666666,1.3,34.07,-52.42,0.65,47.9,-55.86,0.857
30,10,0.28,0.14,0.18,0.3333333333333333,1.0,33.05,-52.42,0.63,43.61,-58.6,0.744
30,10,0.28,0.14,0.18,0.3333333333333333,1.3,33.11,-52.42,0.632,45.16,-64.26,0.703
30,10,0.28,0.14,0.18,0.5,1.0,33.06,-52.42,0.631,43.92,-58.6,0.75
30,10,0.28,0.14,0.18,0.5,1.3,33.12,-52.42,0.632,45.48,-64.26,0.708
30,10,0.28,0.14,0.18,0.6666666666666666,1.0,33.54,-52.42,0.64,44.27,-58.6,0.755
30,10,0.28,0.14,0.18,0.6666666666666666,1.3,33.6,-52.42,0.641,45.83,-64.26,0.713
30,10,0.32,0.1,0.14,0.3333333333333333,1.0,30.66,-54.69,0.561,42.5,-51.47,0.826
30,10,0.32,0.1,0.14,0.3333333333333333,1.3,30.19,-54.69,0.552,45.28,-51.47,0.88
30,10,0.32,0.1,0.14,0.5,1.0,30.66,-54.7,0.561,42.51,-51.47,0.826
30,10,0.32,0.1,0.14,0.5,1.3,30.19,-54.7,0.552,45.29,-51.47,0.88
30,10,0.32,0.1,0.14,0.6666666666666666,1.0,30.33,-53.68,0.565,42.63,-51.47,0.828
30,10,0.32,0.1,0.14,0.6666666666666666,1.3,29.86,-53.68,0.556,45.41,-51.47,0.882
30,10,0.32,0.1,0.16,0.3333333333333333,1.0,32.61,-54.69,0.596,44.68,-53.66,0.833
30,10,0.32,0.1,0.16,0.3333333333333333,1.3,32.92,-54.69,0.602,47.17,-55.86,0.844
30,10,0.32,0.1,0.16,0.5,1.0,32.6,-54.7,0.596,44.69,-53.66,0.833
30,10,0.32,0.1,0.16,0.5,1.3,32.92,-54.7,0.602,47.18,-55.86,0.845
30,10,0.32,0.1,0.16,0.6666666666666666,1.0,32.27,-53.68,0.601,44.82,-53.66,0.835
30,10,0.32,0.1,0.16,0.6666666666666666,1.3,32.58,-53.68,0.607,47.31,-55.86,0.847
30,10,0.32,0.1,0.18,0.3333333333333333,1.0,32.39,-54.69,0.592,43.56,-58.6,0.743
30,10,0.32,0.1,0.18,0.3333333333333333,1.3,32.45,-54.69,0.593,45.11,-64.26,0.702
30,10,0.32,0.1,0.18,0.5,1.0,32.39,-54.7,0.592,43.57,-58.6,0.744
30,10,0.32,0.1,0.18,0.5,1.3,32.45,-54.7,0.593,45.12,-64.26,0.702
30,10,0.32,0.1,0.18,0.6666666666666666,1.0,32.06,-53.68,0.597,43.69,-58.6,0.746
30,10,0.32,0.1,0.18,0.6666666666666666,1.3,32.11,-53.68,0.598,45.24,-64.26,0.704
30,10,0.32,0.14,0.14,0.3333333333333333,1.0,28.9,-58.82,0.491,42.3,-51.47,0.822
30,10,0.32,0.14,0.14,0.3333333333333333,1.3,28.43,-58.82,0.483,45.07,-51.47,0.876
30,10,0.32,0.14,0.14,0.5,1.0,29.24,-55.59,0.526,42.41,-51.47,0.824
30,10,0.32,0.14,0.14,0.5,1.3,28.77,-55.59,0.518,45.18,-51.47,0.878
30,10,0.32,0.14,0.14,0.6666666666666666,1.0,28.76,-59.72,0.482,42.53,-51.47,0.826
30,10,0.32,0.14,0.14,0.6666666666666666,1.3,28.29,-59.72,0.474,45.3,-51.47,0.88
30,10,0.32,0.14,0.16,0.3333333333333333,1.0,30.82,-58.82,0.524,44.48,-53.66,0.829
30,10,0.32,0.14,0.16,0.3333333333333333,1.3,31.13,-58.82,0.529,46.96,-55.86,0.841
30,10,0.32,0.14,0.16,0.5,1.0,31.16,-55.59,0.561,44.58,-53.66,0.831
30,10,0.32,0.14,0.16,0.5,1.3,31.47,-55.59,0.566,47.07,-55.86,0.843
30,10,0.32,0.14,0.16,0.6666666666666666,1.0,30.68,-59.72,0.514,44.71,-53.66,0.833
30,10,0.32,0.14,0.16,0.6666666666666666,1.3,30.98,-59.72,0.519,47.2,-55.86,0.845
30,10,0.32,0.14,0.18,0.3333333333333333,1.0,30.61,-58.82,0.52,43.35,-58.6,0.74
30,10,0.32,0.14,0.18,0.3333333333333333,1.3,30.67,-58.82,0.521,44.9,-64.26,0.699
30,10,0.32,0.14,0.18,0.5,1.0,30.95,-55.59,0.557,43.46,-58.6,0.742
30,10,0.32,0.14,0.18,0.5,1.3,31.01,-55.59,0.558,45.01,-64.26,0.701
30,10,0.32,0.14,0.18,0.6666666666666666,1.0,30.47,-59.72,0.51,43.59,-58.6,0.744
30,10,0.32,0.14,0.18,0.6666666666666666,1.3,30.53,-59.72,0.511,45.14,-64.26,0.702
30,15,0.24,0.1,0.14,0.3333333333333333,1.0,33.75,-49.54,0.681,41.74,-48.05,0.869
30,15,0.24,0.1,0.14,0.3333333333333333,1.3,33.27,-49.54,0.671,44.51,-48.05,0.926
30,15,0.24,0.1,0.14,0.5,1.0,35.01,-49.54,0.707,42.16,-48.05,0.878
30,15,0.24,0.1,0.14,0.5,1.3,34.52,-49.54,0.697,44.93,-48.05,0.935
30,15,0.24,0.1,0.14,0.6666666666666666,1.0,35.26,-49.73,0.709,42.64,-48.05,0.887
30,15,0.24,0.1,0.14,0.6666666666666666,1.3,34.77,-49.73,0.699,45.42,-48.05,0.945
30,15,0.24,0.1,0.16,0.3333333333333333,1.0,35.4,-49.54,0.714,43.13,-51.22,0.842
30,15,0.24,0.1,0.16,0.3333333333333333,1.3,35.72,-49.54,0.721,45.6,-53.54,0.852
30,15,0.24,0.1,0.16,0.5,1.0,36.67,-49.54,0.74,43.56,-51.22,0.85
30,15,0.24,0.1,0.16,0.5,1.3,36.99,-49.54,0.747,46.03,-53.54,0.86
30,15,0.24,0.1,0.16,0.6666666666666666,1.0,36.92,-49.73,0.742,44.04,-51.22,0.86
30,15,0.24,0.1,0.16,0.6666666666666666,1.3,37.24,-49.73,0.749,46.51,-53.54,0.869
30,15,0.24,0.1,0.18,0.3333333333333333,1.0,35.18,-49.54,0.71,42.42,-56.42,0.752
30,15,0.24,0.1,0.18,0.3333333333333333,1.3,35.24,-49.54,0.711,43.96,-62.37,0.705
30,15,0.24,0.1,0.18,0.5,1.0,36.45,-49.54,0.736,42.85,-56.42,0.759
30,15,0.24,0.1,0.18,0.5,1.3,36.51,-49.54,0.737,44.39,-62.37,0.712
30,15,0.24,0.1,0.18,0.6666666666666666,1.0,36.7,-49.73,0.738,43.32,-56.42,0.768
30,15,0.24,0.1,0.18,0.6666666666666666,1.3,36.76,-49.73,0.739,44.87,-62.37,0.719
30,15,0.24,0.14,0.14,0.3333333333333333,1.0,33.79,-49.54,0.682,41.74,-48.05,0.869
30,15,0.24,0.14,0.14,0.3333333333333333,1.3,33.31,-49.54,0.672,44.5,-48.05,0.926
30,15,0.24,0.14,0.14,0.5,1.0,34.5,-49.54,0.696,42.3,-48.05,0.88
30,15,0.24,0.14,0.14,0.5,1.3,34.01,-49.54,0.686,45.07,-48.05,0.938
30,15,0.24,0.14,0.14,0.6666666666666666,1.0,34.96,-49.54,0.706,42.75,-48.05,0.89
30,15,0.24,0.14,0.14,0.6666666666666666,1.3,34.47,-49.54,0.696,45.53,-48.05,0.948
30,15,0.24,0.14,0.16,0.3333333333333333,1.0,35.44,-49.54,0.715,43.13,-51.22,0.842
30,15,0.24,0.14,0.16,0.3333333333333333,1.3,35.76,-49.54,0.722,45.6,-53.54,0.852
30,15,0.24,0.14,0.16,0.5,1.0,36.15,-49.54,0.73,43.69,-51.22,0.853
30,15,0.24,0.14,0.16,0.5,1.3,36.47,-49.54,0.736,46.16,-53.54,0.862
30,15,0.24,0.14,0.16,0.6666666666666666,1.0,36.62,-49.54,0.739,44.15,-51.22,0.862
30,15,0.24,0.14,0.16,0.6666666666666666,1.3,36.94,-49.54,0.746,46.63,-53.54,0.871
30,15,0.24,0.14,0.18,0.3333333333333333,1.0,35.22,-49.54,0.711,42.42,-56.42,0.752
30,15,0.24,0.14,0.18,0.3333333333333333,1.3,35.28,-49.54,0.712,43.96,-62.37,0.705
30,15,0.24,0.14,0.18,0.5,1.0,35.93,-49.54,0.725,42.98,-56.42,0.762
30,15,0.24,0.14,0.18,0.5,1.3,36.0,-49.54,0.727,44.52,-62.37,0.714
30,15,0.24,0.14,0.18,0.6666666666666666,1.0,36.4,-49.54,0.735,43.43,-56.42,0.77
30,15,0.24,0.14,0.18,0.6666666666666666,1.3,36.46,-49.54,0.736,44.98,-62.37,0.721
30,15,0.28,0.1,0.14,0.3333333333333333,1.0,34.2,-49.54,0.69,42.08,-48.05,0.876
30,15,0.28,0.1,0.14,0.3333333333333333,1.3,33.71,-49.54,0.68,44.85,-48.05,0.933
30,15,0.28,0.1,0.14,0.5,1.0,34.79,-49.54,0.702,41.94,-48.05,0.873
30,15,0.28,0.1,0.14,0.5,1.3,34.3,-49.54,0.692,44.7,-48.05,0.93
30,15,0.28,0.1,0.14,0.6666666666666666,1.0,34.75,-49.54,0.701,42.46,-48.05,0.884
30,15,0.28,0.1,0.14,0.6666666666666666,1.3,34.25,-49.54,0.691,45.23,-48.05,0.941
30,15,0.28,0.1,0.16,0.3333333333333333,1.0,35.85,-49.54,0.724,43.47,-51.22,0.849
30,15,0.28,0.1,0.16,0.3333333333333333,1.3,36.17,-49.54,0.73,45.94,-53.54,0.858
30,15,0.28,0.1,0.16,0.5,1.0,36.44,-49.54,0.736,43.33,-51.22,0.846
30,15,0.28,0.1,0.16,0.5,1.3,36.77,-49.54,0.742,45.79,-53.54,0.855
30,15,0.28,0.1,0.16,0.6666666666666666,1.0,36.4,-49.54,0.735,43.85,-51.22,0.856
30,15,0.28,0.1,0.16,0.6666666666666666,1.3,36.72,-49.54,0.741,46.33,-53.54,0.865
30,15,0.28,0.1,0.18,0.3333333333333333,1.0,35.63,-49.54,0.719,42.76,-56.42,0.758
30,15,0.28,0.1,0.18,0.3333333333333333,1.3,35.69,-49.54,0.72,44.3,-62.37,0.71
30,15,0.28,0.1,0.18,0.5,1.0,36.23,-49.54,0.731,42.62,-56.42,0.755
30,15,0.28,0.1,0.18,0.5,1.3,36.29,-49.54,0.732,44.16,-62.37,0.708
30,15,0.28,0.1,0.18,0.6666666666666666,1.0,36.18,-49.54,0.73,43.14,-56.42,0.765
30,15,0.28,0.1,0.18,0.6666666666666666,1.3,36.24,-49.54,0.732,44.69,-62.37,0.716
30,15,0.28,0.14,0.14,0.3333333333333333,1.0,33.88,-49.54,0.684,41.6,-48.05,0.866
30,15,0.28,0.14,0.14,0.3333333333333333,1.3,33.39,-49.54,0.674,44.36,-48.05,0.923
30,15,0.28,0.14,0.14,0.5,1.0,33.94,-49.54,0.685,41.81,-48.05,0.87
30,15,0.28,0.14,0.14,0.5,1.3,33.45,-49.54,0.675,44.57,-48.05,0.928
30,15,0.28,0.14,0.14,0.6666666666666666,1.0,34.27,-49.54,0.692,42.26,-48.05,0.88
30,15,0.28,0.14,0.14,0.6666666666666666,1.3,33.78,-49.54,0.682,45.04,-48.05,0.937
30,15,0.28,0.14,0.16,0.3333333333333333,1.0,35.53,-49.54,0.717,42.99,-51.22,0.839
30,15,0.28,0.14,0.16,0.3333333333333333,1.3,35.84,-49.54,0.724,45.45,-53.54,0.849
30,15,0.28,0.14,0.16,0.5,1.0,35.59,-49.54,0.718,43.2,-51.22,0.843
30,15,0.28,0.14,0.16,0.5,1.3,35.91,-49.54,0.725,45.66,-53.54,0.853
30,15,0.28,0.14,0.16,0.6666666666666666,1.0,35.92,-49.54,0.725,43.66,-51.22,0.852
30,15,0.28,0.14,0.16,0.6666666666666666,1.3,36.24,-49.54,0.731,46.13,-53.54,0.862
30,15,0.28,0.14,0.18,0.3333333333333333,1.0,35.31,-49.54,0.713,42.28,-56.42,0.749
30,15,0.28,0.14,0.18,0.3333333333333333,1.3,35.37,-49.54,0.714,43.82,-62.37,0.703
30,15,0.28,0.14,0.18,0.5,1.0,35.37,-49.54,0.714,42.49,-56.42,0.753
30,15,0.28,0.14,0.18,0.5,1.3,35.43,-49.54,0.715,44.03,-62.37,0.706
30,15,0.28,0.14,0.18,0.6666666666666666,1.0,35.7,-49.54,0.721,42.95,-56.42,0.761
30,15,0.28,0.14,0.18,0.6666666666666666,1.3,35.76,-49.54,0.722,44.49,-62.37,0.713
30,15,0.32,0.1,0.14,0.3333333333333333,1.0,33.76,-49.54,0.681,41.57,-48.05,0.865
30,15,0.32,0.1,0.14,0.3333333333333333,1.3,33.27,-49.54,0.672,44.33,-48.05,0.923
30,15,0.32,0.1,0.14,0.5,1.0,33.83,-49.54,0.683,41.47,-48.05,0.863
30,15,0.32,0.1,0.14,0.5,1.3,33.34,-49.54,0.673,44.23,-48.05,0.92
30,15,0.32,0.1,0.14,0.6666666666666666,1.0,33.47,-49.54,0.676,41.74,-48.05,0.869
30,15,0.32,0.1,0.14,0.6666666666666666,1.3,32.99,-49.54,0.666,44.5,-48.05,0.926
30,15,0.32,0.1,0.16,0.3333333333333333,1.0,35.4,-49.54,0.715,42.96,-51.22,0.839
30,15,0.32,0.1,0.16,0.3333333333333333,1.3,35.72,-49.54,0.721,45.42,-53.54,0.848
30,15,0.32,0.1,0.16,0.5,1.0,35.47,-49.54,0.716,42.86,-51.22,0.837
30,15,0.32,0.1,0.16,0.5,1.3,35.79,-49.54,0.722,45.32,-53.54,0.846
30,15,0.32,0.1,0.16,0.6666666666666666,1.0,35.11,-49.54,0.709,43.13,-51.22,0.842
30,15,0.32,0.1,0.16,0.6666666666666666,1.3,35.43,-49.54,0.715,45.59,-53.54,0.852
30,15,0.32,0.1,0.18,0.3333333333333333,1.0,35.18,-49.54,0.71,42.25,-56.42,0.749
30,15,0.32,0.1,0.18,0.3333333333333333,1.3,35.24,-49.54,0.711,43.79,-62.37,0.702
30,15,0.32,0.1,0.18,0.5,1.0,35.25,-49.54,0.712,42.15,-56.42,0.747
30,15,0.32,0.1,0.18,0.5,1.3,35.31,-49.54,0.713,43.69,-62.37,0.7
30,15,0.32,0.1,0.18,0.6666666666666666,1.0,34.9,-49.54,0.704,42.42,-56.42,0.752
30,15,0.32,0.1,0.18,0.6666666666666666,1.3,34.96,-49.54,0.706,43.96,-62.37,0.705
30,15,0.32,0.14,0.14,0.3333333333333333,1.0,32.84,-50.14,0.655,41.23,-48.05,0.858
30,15,0.32,0.14,0.14,0.3333333333333333,1.3,32.36,-50.14,0.645,43.98,-48.05,0.915
30,15,0.32,0.14,0.14,0.5,1.0,32.93,-49.54,0.665,41.42,-48.05,0.862
30,15,0.32,0.14,0.14,0.5,1.3,32.44,-49.54,0.655,44.18,-48.05,0.919
30,15,0.32,0.14,0.14,0.6666666666666666,1.0,32.69,-51.26,0.638,41.38,-48.05,0.861
30,15,0.32,0.14,0.14,0.6666666666666666,1.3,32.2,-51.26,0.628,44.14,-48.05,0.919
30,15,0.32,0.14,0.16,0.3333333333333333,1.0,34.48,-50.14,0.688,42.61,-51.22,0.832
30,15,0.32,0.14,0.16,0.3333333333333333,1.3,34.79,-50.14,0.694,45.06,-53.54,0.842
30,15,0.32,0.14,0.16,0.5,1.0,34.56,-49.54,0.698,42.81,-51.22,0.836
30,15,0.32,0.14,0.16,0.5,1.3,34.88,-49.54,0.704,45.26,-53.54,0.845
30,15,0.32,0.14,0.16,0.6666666666666666,1.0,34.32,-51.26,0.669,42.77,-51.22,0.835
30,15,0.32,0.14,0.16,0.6666666666666666,1.3,34.63,-51.26,0.676,45.22,-53.54,0.845
30,15,0.32,0.14,0.18,0.3333333333333333,1.0,34.26,-50.14,0.683,41.9,-56.42,0.743
30,15,0.32,0.14,0.18,0.3333333333333333,1.3,34.32,-50.14,0.684,43.44,-62.37,0.696
30,15,0.32,0.14,0.18,0.5,1.0,34.34,-49.54,0.693,42.1,-56.42,0.746
30,15,0.32,0.14,0.18,0.5,1.3,34.4,-49.54,0.694,43.64,-62.37,0.7
30,15,0.32,0.14,0.18,0.6666666666666666,1.0,34.1,-51.26,0.665,42.06,-56.42,0.746
30,15,0.32,0.14,0.18,0.6666666666666666,1.3,34.16,-51.26,0.666,43.6,-62.37,0.699
30,21,0.24,0.1,0.14,0.3333333333333333,1.0,34.13,-43.98,0.776,40.02,-43.67,0.916
30,21,0.24,0.1,0.14,0.3333333333333333,1.3,33.64,-43.98,0.765,42.75,-43.67,0.979
30,21,0.24,0.1,0.14,0.5,1.0,35.51,-43.98,0.808,40.46,-43.67,0.927
30,21,0.24,0.1,0.14,0.5,1.3,35.02,-43.98,0.796,43.19,-43.67,0.989
30,21,0.24,0.1,0.14,0.6666666666666666,1.0,35.69,-49.73,0.718,40.91,-43.67,0.937
30,21,0.24,0.1,0.14,0.6666666666666666,1.3,35.2,-49.73,0.708,43.65,-43.67,1.0
30,21,0.24,0.1,0.16,0.3333333333333333,1.0,35.88,-43.98,0.816,41.98,-43.67,0.961
30,21,0.24,0.1,0.16,0.3333333333333333,1.3,36.2,-44.82,0.808,44.43,-45.41,0.978
30,21,0.24,0.1,0.16,0.5,1.0,37.28,-43.98,0.848,42.43,-43.67,0.972
30,21,0.24,0.1,0.16,0.5,1.3,37.6,-44.82,0.839,44.88,-45.41,0.988
30,21,0.24,0.1,0.16,0.6666666666666666,1.0,37.46,-49.73,0.753,42.88,-43.67,0.982
30,21,0.24,0.1,0.16,0.6666666666666666,1.3,37.79,-49.73,0.76,45.34,-45.41,0.999
30,21,0.24,0.1,0.18,0.3333333333333333,1.0,35.55,-42.65,0.834,41.35,-48.72,0.849
30,21,0.24,0.1,0.18,0.3333333333333333,1.3,35.61,-43.85,0.812,42.88,-55.73,0.769
30,21,0.24,0.1,0.18,0.5,1.0,36.95,-42.56,0.868,41.79,-48.72,0.858
30,21,0.24,0.1,0.18,0.5,1.3,37.01,-43.85,0.844,43.33,-55.73,0.777
30,21,0.24,0.1,0.18,0.6666666666666666,1.0,37.13,-49.73,0.747,42.25,-48.72,0.867
30,21,0.24,0.1,0.18,0.6666666666666666,1.3,37.19,-49.73,0.748,43.79,-55.73,0.786
30,21,0.24,0.14,0.14,0.3333333333333333,1.0,33.81,-43.98,0.769,39.79,-49.03,0.812
30,21,0.24,0.14,0.14,0.3333333333333333,1.3,33.33,-43.98,0.758,42.51,-49.03,0.867
30,21,0.24,0.14,0.14,0.5,1.0,34.26,-43.98,0.779,40.32,-49.03,0.822
30,21,0.24,0.14,0.14,0.5,1.3,33.78,-43.98,0.768,43.06,-49.03,0.878
30,21,0.24,0.14,0.14,0.6666666666666666,1.0,35.0,-48.15,0.727,40.76,-49.03,0.831
30,21,0.24,0.14,0.14,0.6666666666666666,1.3,34.51,-48.15,0.717,43.5,-49.03,0.887
30,21,0.24,0.14,0.16,0.3333333333333333,1.0,35.56,-43.98,0.809,41.74,-49.03,0.851
30,21,0.24,0.14,0.16,0.3333333333333333,1.3,35.88,-44.82,0.8,44.18,-49.03,0.901
30,21,0.24,0.14,0.16,0.5,1.0,36.02,-43.98,0.819,42.29,-49.03,0.863
30,21,0.24,0.14,0.16,0.5,1.3,36.34,-44.82,0.811,44.74,-49.03,0.913
30,21,0.24,0.14,0.16,0.6666666666666666,1.0,36.76,-48.15,0.763,42.73,-49.03,0.872
30,21,0.24,0.14,0.16,0.6666666666666666,1.3,37.08,-48.15,0.77,45.19,-49.03,0.922
30,21,0.24,0.14,0.18,0.3333333333333333,1.0,35.23,-43.35,0.813,41.11,-48.72,0.844
30,21,0.24,0.14,0.18,0.3333333333333333,1.3,35.29,-43.85,0.805,42.64,-55.73,0.765
30,21,0.24,0.14,0.18,0.5,1.0,35.69,-43.07,0.829,41.66,-48.72,0.855
30,21,0.24,0.14,0.18,0.5,1.3,35.75,-43.85,0.815,43.19,-55.73,0.775
30,21,0.24,0.14,0.18,0.6666666666666666,1.0,36.43,-48.15,0.757,42.09,-48.72,0.864
30,21,0.24,0.14,0.18,0.6666666666666666,1.3,36.49,-48.15,0.758,43.63,-55.73,0.783
30,21,0.28,0.1,0.14,0.3333333333333333,1.0,33.77,-45.06,0.75,39.58,-54.68,0.724
30,21,0.28,0.1,0.14,0.3333333333333333,1.3,33.29,-45.06,0.739,42.29,-54.68,0.773
30,21,0.28,0.1,0.14,0.5,1.0,34.12,-45.63,0.748,39.42,-54.68,0.721
30,21,0.28,0.1,0.14,0.5,1.3,33.63,-45.63,0.737,42.14,-54.68,0.771
30,21,0.28,0.1,0.14,0.6666666666666666,1.0,34.34,-48.68,0.705,39.95,-54.68,0.731
30,21,0.28,0.1,0.14,0.6666666666666666,1.3,33.85,-48.68,0.695,42.68,-54.68,0.781
30,21,0.28,0.1,0.16,0.3333333333333333,1.0,35.52,-45.06,0.788,41.53,-54.68,0.76
30,21,0.28,0.1,0.16,0.3333333333333333,1.3,35.84,-45.06,0.795,43.97,-54.68,0.804
30,21,0.28,0.1,0.16,0.5,1.0,35.87,-45.63,0.786,41.38,-54.68,0.757
30,21,0.28,0.1,0.16,0.5,1.3,36.19,-45.63,0.793,43.81,-54.68,0.801
30,21,0.28,0.1,0.16,0.6666666666666666,1.0,36.09,-48.68,0.741,41.92,-54.68,0.767
30,21,0.28,0.1,0.16,0.6666666666666666,1.3,36.41,-48.68,0.748,44.36,-54.68,0.811
30,21,0.28,0.1,0.18,0.3333333333333333,1.0,35.19,-45.06,0.781,40.9,-54.1,0.756
30,21,0.28,0.1,0.18,0.3333333333333333,1.3,35.25,-45.06,0.782,42.43,-55.73,0.761
30,21,0.28,0.1,0.18,0.5,1.0,35.54,-45.63,0.779,40.75,-54.1,0.753
30,21,0.28,0.1,0.18,0.5,1.3,35.6,-45.63,0.78,42.27,-55.73,0.758
30,21,0.28,0.1,0.18,0.6666666666666666,1.0,35.76,-48.68,0.735,41.28,-54.1,0.763
30,21,0.28,0.1,0.18,0.6666666666666666,1.3,35.82,-48.68,0.736,42.81,-55.73,0.768
30,21,0.28,0.14,0.14,0.3333333333333333,1.0,32.51,-48.14,0.675,39.12,-56.93,0.687
30,21,0.28,0.14,0.14,0.3333333333333333,1.3,32.03,-48.14,0.665,41.82,-56.93,0.735
30,21,0.28,0.14,0.14,0.5,1.0,32.38,-47.51,0.682,39.33,-56.93,0.691
30,21,0.28,0.14,0.14,0.5,1.3,31.9,-47.51,0.671,42.04,-56.93,0.738
30,21,0.28,0.14,0.14,0.6666666666666666,1.0,32.93,-52.28,0.63,39.8,-56.93,0.699
30,21,0.28,0.14,0.14,0.6666666666666666,1.3,32.45,-52.28,0.621,42.52,-56.93,0.747
30,21,0.28,0.14,0.16,0.3333333333333333,1.0,34.24,-48.14,0.711,41.06,-56.93,0.721
30,21,0.28,0.14,0.16,0.3333333333333333,1.3,34.55,-48.14,0.718,43.49,-56.93,0.764
30,21,0.28,0.14,0.16,0.5,1.0,34.11,-47.51,0.718,41.28,-56.93,0.725
30,21,0.28,0.14,0.16,0.5,1.3,34.42,-47.51,0.725,43.71,-56.93,0.768
30,21,0.28,0.14,0.16,0.6666666666666666,1.0,34.66,-52.28,0.663,41.76,-56.93,0.734
30,21,0.28,0.14,0.16,0.6666666666666666,1.3,34.98,-52.28,0.669,44.2,-56.93,0.776
30,21,0.28,0.14,0.18,0.3333333333333333,1.0,33.91,-48.14,0.704,40.44,-56.38,0.717
30,21,0.28,0.14,0.18,0.3333333333333333,1.3,33.97,-48.14,0.706,41.96,-57.25,0.733
30,21,0.28,0.14,0.18,0.5,1.0,33.78,-47.51,0.711,40.65,-56.38,0.721
30,21,0.28,0.14,0.18,0.5,1.3,33.84,-47.51,0.712,42.17,-57.25,0.737
30,21,0.28,0.14,0.18,0.6666666666666666,1.0,34.34,-52.28,0.657,41.13,-56.38,0.73
30,21,0.28,0.14,0.18,0.6666666666666666,1.3,34.4,-52.28,0.658,42.66,-57.25,0.745
30,21,0.32,0.1,0.14,0.3333333333333333,1.0,31.5,-54.29,0.58,38.74,-62.2,0.623
30,21,0.32,0.1,0.14,0.3333333333333333,1.3,31.02,-54.29,0.571,41.44,-62.2,0.666
30,21,0.32,0.1,0.14,0.5,1.0,31.37,-53.67,0.585,38.78,-62.2,0.623
30,21,0.32,0.1,0.14,0.5,1.3,30.89,-53.67,0.576,41.48,-62.2,0.667
30,21,0.32,0.1,0.14,0.6666666666666666,1.0,31.19,-55.29,0.564,38.92,-62.2,0.626
30,21,0.32,0.1,0.14,0.6666666666666666,1.3,30.71,-55.29,0.555,41.62,-62.2,0.669
30,21,0.32,0.1,0.16,0.3333333333333333,1.0,33.21,-54.29,0.612,40.69,-62.2,0.654
30,21,0.32,0.1,0.16,0.3333333333333333,1.3,33.53,-54.29,0.618,43.11,-62.2,0.693
30,21,0.32,0.1,0.16,0.5,1.0,33.08,-53.67,0.616,40.72,-62.2,0.655
30,21,0.32,0.1,0.16,0.5,1.3,33.4,-53.67,0.622,43.14,-62.2,0.694
30,21,0.32,0.1,0.16,0.6666666666666666,1.0,32.9,-55.29,0.595,40.86,-62.2,0.657
30,21,0.32,0.1,0.16,0.6666666666666666,1.3,33.21,-55.29,0.601,43.29,-62.2,0.696
30,21,0.32,0.1,0.18,0.3333333333333333,1.0,32.89,-54.29,0.606,40.06,-61.71,0.649
30,21,0.32,0.1,0.18,0.3333333333333333,1.3,32.95,-54.29,0.607,41.58,-62.47,0.666
30,21,0.32,0.1,0.18,0.5,1.0,32.76,-53.67,0.61,40.1,-61.71,0.65
30,21,0.32,0.1,0.18,0.5,1.3,32.82,-53.67,0.612,41.61,-62.47,0.666
30,21,0.32,0.1,0.18,0.6666666666666666,1.0,32.58,-55.29,0.589,40.24,-61.71,0.652
30,21,0.32,0.1,0.18,0.6666666666666666,1.3,32.64,-55.29,0.59,41.75,-62.47,0.668
30,21,0.32,0.14,0.14,0.3333333333333333,1.0,29.84,-57.03,0.523,38.6,-62.2,0.621
30,21,0.32,0.14,0.14,0.3333333333333333,1.3,29.36,-57.03,0.515,41.3,-62.2,0.664
30,21,0.32,0.14,0.14,0.5,1.0,30.19,-55.01,0.549,38.75,-62.2,0.623
30,21,0.32,0.14,0.14,0.5,1.3,29.71,-55.01,0.54,41.45,-62.2,0.666
30,21,0.32,0.14,0.14,0.6666666666666666,1.0,29.64,-57.21,0.518,38.76,-62.2,0.623
30,21,0.32,0.14,0.14,0.6666666666666666,1.3,29.17,-57.21,0.51,41.46,-62.2,0.667
30,21,0.32,0.14,0.16,0.3333333333333333,1.0,31.53,-57.03,0.553,40.55,-62.2,0.652
30,21,0.32,0.14,0.16,0.3333333333333333,1.3,31.84,-57.03,0.558,42.97,-62.2,0.691
30,21,0.32,0.14,0.16,0.5,1.0,31.89,-55.01,0.58,40.7,-62.2,0.654
30,21,0.32,0.14,0.16,0.5,1.3,32.2,-55.01,0.585,43.12,-62.2,0.693
30,21,0.32,0.14,0.16,0.6666666666666666,1.0,31.33,-57.21,0.548,40.7,-62.2,0.654
30,21,0.32,0.14,0.16,0.6666666666666666,1.3,31.64,-57.21,0.553,43.12,-62.2,0.693
30,21,0.32,0.14,0.18,0.3333333333333333,1.0,31.21,-57.03,0.547,39.92,-61.71,0.647
30,21,0.32,0.14,0.18,0.3333333333333333,1.3,31.27,-57.03,0.548,41.43,-62.47,0.663
30,21,0.32,0.14,0.18,0.5,1.0,31.57,-55.01,0.574,40.07,-61.71,0.649
30,21,0.32,0.14,0.18,0.5,1.3,31.62,-55.01,0.575,41.58,-62.47,0.666
30,21,0.32,0.14,0.18,0.6666666666666666,1.0,31.01,-57.21,0.542,40.07,-61.71,0.649
30,21,0.32,0.14,0.18,0.6666666666666666,1.3,31.07,-57.21,0.543,41.59,-62.47,0.666
40,10,0.24,0.1,0.14,0.3333333333333333,1.0,31.45,-50.02,0.629,42.01,-47.68,0.881
40,10,0.24,0.1,0.14,0.3333333333333333,1.3,30.97,-50.02,0.619,44.78,-47.68,0.939
40,10,0.24,0.1,0.14,0.5,1.0,32.69,-50.02,0.654,42.42,-47.68,0.89
40,10,0.24,0.1,0.14,0.5,1.3,32.21,-50.02,0.644,45.19,-47.68,0.948
40,10,0.24,0.1,0.14,0.6666666666666666,1.0,32.93,-50.02,0.658,42.92,-47.68,0.9
40,10,0.24,0.1,0.14,0.6666666666666666,1.3,32.45,-50.02,0.649,45.7,-47.68,0.959
40,10,0.24,0.1,0.16,0.3333333333333333,1.0,33.5,-50.02,0.67,44.67,-48.47,0.922
40,10,0.24,0.1,0.16,0.3333333333333333,1.3,33.82,-50.02,0.676,47.16,-50.92,0.926
40,10,0.24,0.1,0.16,0.5,1.0,34.76,-50.02,0.695,45.08,-48.47,0.93
40,10,0.24,0.1,0.16,0.5,1.3,35.08,-50.02,0.701,47.58,-50.92,0.934
40,10,0.24,0.1,0.16,0.6666666666666666,1.0,35.0,-50.02,0.7,45.6,-48.47,0.941
40,10,0.24,0.1,0.16,0.6666666666666666,1.3,35.32,-50.02,0.706,48.1,-50.92,0.945
40,10,0.24,0.1,0.18,0.3333333333333333,1.0,33.18,-50.02,0.663,43.75,-53.96,0.811
40,10,0.24,0.1,0.18,0.3333333333333333,1.3,33.24,-50.02,0.664,45.31,-60.25,0.752
40,10,0.24,0.1,0.18,0.5,1.0,34.44,-50.02,0.688,44.16,-53.96,0.818
40,10,0.24,0.1,0.18,0.5,1.3,34.5,-50.02,0.69,45.72,-60.25,0.759
40,10,0.24,0.1,0.18,0.6666666666666666,1.0,34.68,-50.02,0.693,44.67,-53.96,0.828
40,10,0.24,0.1,0.18,0.6666666666666666,1.3,34.74,-50.02,0.694,46.24,-60.25,0.767
40,10,0.24,0.14,0.14,0.3333333333333333,1.0,31.59,-50.02,0.632,41.84,-47.68,0.877
40,10,0.24,0.14,0.14,0.3333333333333333,1.3,31.11,-50.02,0.622,44.6,-47.68,0.935
40,10,0.24,0.14,0.14,0.5,1.0,32.02,-50.02,0.64,42.38,-47.68,0.889
40,10,0.24,0.14,0.14,0.5,1.3,31.54,-50.02,0.631,45.16,-47.68,0.947
40,10,0.24,0.14,0.14,0.6666666666666666,1.0,32.73,-50.02,0.654,42.87,-47.68,0.899
40,10,0.24,0.14,0.14,0.6666666666666666,1.3,32.25,-50.02,0.645,45.66,-47.68,0.958
40,10,0.24,0.14,0.16,0.3333333333333333,1.0,33.65,-50.02,0.673,44.5,-48.47,0.918
40,10,0.24,0.14,0.16,0.3333333333333333,1.3,33.96,-50.02,0.679,46.99,-50.92,0.923
40,10,0.24,0.14,0.16,0.5,1.0,34.08,-50.02,0.681,45.05,-48.47,0.929
40,10,0.24,0.14,0.16,0.5,1.3,34.4,-50.02,0.688,47.55,-50.92,0.934
40,10,0.24,0.14,0.16,0.6666666666666666,1.0,34.8,-50.02,0.696,45.55,-48.47,0.94
40,10,0.24,0.14,0.16,0.6666666666666666,1.3,35.12,-50.02,0.702,48.06,-50.92,0.944
40,10,0.24,0.14,0.18,0.3333333333333333,1.0,33.32,-50.02,0.666,43.58,-53.96,0.808
40,10,0.24,0.14,0.18,0.3333333333333333,1.3,33.38,-50.02,0.667,45.13,-60.25,0.749
40,10,0.24,0.14,0.18,0.5,1.0,33.76,-50.02,0.675,44.13,-53.96,0.818
40,10,0.24,0.14,0.18,0.5,1.3,33.82,-50.02,0.676,45.69,-60.25,0.758
40,10,0.24,0.14,0.18,0.6666666666666666,1.0,34.48,-50.02,0.689,44.63,-53.96,0.827
40,10,0.24,0.14,0.18,0.6666666666666666,1.3,34.54,-50.02,0.69,46.19,-60.25,0.767
40,10,0.28,0.1,0.14,0.3333333333333333,1.0,31.7,-50.02,0.634,42.2,-47.68,0.885
40,10,0.28,0.1,0.14,0.3333333333333333,1.3,31.22,-50.02,0.624,44.97,-47.68,0.943
40,10,0.28,0.1,0.14,0.5,1.0,32.25,-50.02,0.645,42.08,-47.68,0.883
40,10,0.28,0.1,0.14,0.5,1.3,31.77,-50.02,0.635,44.85,-47.68,0.941
40,10,0.28,0.1,0.14,0.6666666666666666,1.0,32.43,-50.02,0.648,42.63,-47.68,0.894
40,10,0.28,0.1,0.14,0.6666666666666666,1.3,31.95,-50.02,0.639,45.41,-47.68,0.952
40,10,0.28,0.1,0.16,0.3333333333333333,1.0,33.75,-50.02,0.675,44.86,-48.47,0.925
40,10,0.28,0.1,0.16,0.3333333333333333,1.3,34.07,-50.02,0.681,47.35,-50.92,0.93
40,10,0.28,0.1,0.16,0.5,1.0,34.31,-50.02,0.686,44.74,-48.47,0.923
40,10,0.28,0.1,0.16,0.5,1.3,34.63,-50.02,0.692,47.24,-50.92,0.928
40,10,0.28,0.1,0.16,0.6666666666666666,1.0,34.5,-50.02,0.69,45.3,-48.47,0.935
40,10,0.28,0.1,0.16,0.6666666666666666,1.3,34.81,-50.02,0.696,47.8,-50.92,0.939
40,10,0.28,0.1,0.18,0.3333333333333333,1.0,33.43,-50.02,0.668,43.94,-53.96,0.814
40,10,0.28,0.1,0.18,0.3333333333333333,1.3,33.49,-50.02,0.669,45.5,-60.25,0.755
40,10,0.28,0.1,0.18,0.5,1.0,33.99,-50.02,0.679,43.83,-53.96,0.812
40,10,0.28,0.1,0.18,0.5,1.3,34.05,-50.02,0.681,45.38,-60.25,0.753
40,10,0.28,0.1,0.18,0.6666666666666666,1.0,34.17,-50.02,0.683,44.38,-53.96,0.822
40,10,0.28,0.1,0.18,0.6666666666666666,1.3,34.23,-50.02,0.684,45.94,-60.25,0.762
40,10,0.28,0.14,0.14,0.3333333333333333,1.0,30.74,-50.02,0.615,41.83,-47.68,0.877
40,10,0.28,0.14,0.14,0.3333333333333333,1.3,30.26,-50.02,0.605,44.59,-47.68,0.935
40,10,0.28,0.14,0.14,0.5,1.0,30.83,-50.02,0.616,42.22,-47.68,0.885
40,10,0.28,0.14,0.14,0.5,1.3,30.36,-50.02,0.607,44.99,-47.68,0.943
40,10,0.28,0.14,0.14,0.6666666666666666,1.0,31.17,-50.02,0.623,42.51,-47.68,0.892
40,10,0.28,0.14,0.14,0.6666666666666666,1.3,30.69,-50.02,0.614,45.29,-47.68,0.95
40,10,0.28,0.14,0.16,0.3333333333333333,1.0,32.78,-50.02,0.655,44.49,-48.47,0.918
40,10,0.28,0.14,0.16,0.3333333333333333,1.3,33.09,-50.02,0.661,46.98,-50.92,0.922
40,10,0.28,0.14,0.16,0.5,1.0,32.87,-50.02,0.657,44.88,-48.47,0.926
40,10,0.28,0.14,0.16,0.5,1.3,33.18,-50.02,0.663,47.38,-50.92,0.93
40,10,0.28,0.14,0.16,0.6666666666666666,1.0,33.21,-50.02,0.664,45.18,-48.47,0.932
40,10,0.28,0.14,0.16,0.6666666666666666,1.3,33.53,-50.02,0.67,47.68,-50.92,0.936
40,10,0.28,0.14,0.18,0.3333333333333333,1.0,32.46,-50.02,0.649,43.57,-53.96,0.807
40,10,0.28,0.14,0.18,0.3333333333333333,1.3,32.52,-50.02,0.65,45.12,-60.25,0.749
40,10,0.28,0.14,0.18,0.5,1.0,32.55,-50.02,0.651,43.96,-53.96,0.815
40,10,0.28,0.14,0.18,0.5,1.3,32.61,-50.02,0.652,45.52,-60.25,0.755
40,10,0.28,0.14,0.18,0.6666666666666666,1.0,32.89,-50.02,0.658,44.26,-53.96,0.82
40,10,0.28,0.14,0.18,0.6666666666666666,1.3,32.95,-50.02,0.659,45.82,-60.25,0.76
40,10,0.32,0.1,0.14,0.3333333333333333,1.0,30.18,-53.97,0.559,41.75,-47.68,0.876
40,10,0.32,0.1,0.14,0.3333333333333333,1.3,29.71,-53.97,0.55,44.51,-47.68,0.934
40,10,0.32,0.1,0.14,0.5,1.0,30.27,-53.88,0.562,41.8,-47.68,0.877
40,10,0.32,0.1,0.14,0.5,1.3,29.8,-53.88,0.553,44.56,-47.68,0.934
40,10,0.32,0.1,0.14,0.6666666666666666,1.0,29.85,-52.88,0.564,41.89,-47.68,0.878
40,10,0.32,0.1,0.14,0.6666666666666666,1.3,29.38,-52.88,0.556,44.65,-47.68,0.936
40,10,0.32,0.1,0.16,0.3333333333333333,1.0,32.21,-53.97,0.597,44.41,-48.47,0.916
40,10,0.32,0.1,0.16,0.3333333333333333,1.3,32.52,-53.97,0.603,46.9,-50.92,0.921
40,10,0.32,0.1,0.16,0.5,1.0,32.3,-53.88,0.6,44.45,-48.47,0.917
40,10,0.32,0.1,0.16,0.5,1.3,32.61,-53.88,0.605,46.94,-50.92,0.922
40,10,0.32,0.1,0.16,0.6666666666666666,1.0,31.87,-52.88,0.603,44.54,-48.47,0.919
40,10,0.32,0.1,0.16,0.6666666666666666,1.3,32.18,-52.88,0.609,47.03,-50.92,0.924
40,10,0.32,0.1,0.18,0.3333333333333333,1.0,31.89,-53.97,0.591,43.49,-53.96,0.806
40,10,0.32,0.1,0.18,0.3333333333333333,1.3,31.95,-53.97,0.592,45.04,-60.25,0.748
40,10,0.32,0.1,0.18,0.5,1.0,31.98,-53.88,0.594,43.54,-53.96,0.807
40,10,0.32,0.1,0.18,0.5,1.3,32.04,-53.88,0.595,45.09,-60.25,0.748
40,10,0.32,0.1,0.18,0.6666666666666666,1.0,31.55,-52.88,0.597,43.63,-53.96,0.808
40,10,0.32,0.1,0.18,0.6666666666666666,1.3,31.61,-52.88,0.598,45.18,-60.25,0.75
40,10,0.32,0.14,0.14,0.3333333333333333,1.0,28.5,-58.07,0.491,41.58,-47.68,0.872
40,10,0.32,0.14,0.14,0.3333333333333333,1.3,28.03,-58.07,0.483,44.34,-47.68,0.93
40,10,0.32,0.14,0.14,0.5,1.0,28.7,-54.78,0.524,41.69,-47.68,0.874
40,10,0.32,0.14,0.14,0.5,1.3,28.23,-54.78,0.515,44.45,-47.68,0.932
40,10,0.32,0.14,0.14,0.6666666666666666,1.0,28.36,-58.99,0.481,41.81,-47.68,0.877
40,10,0.32,0.14,0.14,0.6666666666666666,1.3,27.89,-58.99,0.473,44.57,-47.68,0.935
40,10,0.32,0.14,0.16,0.3333333333333333,1.0,30.5,-58.07,0.525,44.24,-48.47,0.913
40,10,0.32,0.14,0.16,0.3333333333333333,1.3,30.81,-58.07,0.531,46.72,-50.92,0.917
40,10,0.32,0.14,0.16,0.5,1.0,30.71,-54.78,0.561,44.34,-48.47,0.915
40,10,0.32,0.14,0.16,0.5,1.3,31.02,-54.78,0.566,46.83,-50.92,0.92
40,10,0.32,0.14,0.16,0.6666666666666666,1.0,30.36,-58.99,0.515,44.47,-48.47,0.917
40,10,0.32,0.14,0.16,0.6666666666666666,1.3,30.67,-58.99,0.52,46.96,-50.92,0.922
40,10,0.32,0.14,0.18,0.3333333333333333,1.0,30.19,-58.07,0.52,43.32,-53.96,0.803
40,10,0.32,0.14,0.18,0.3333333333333333,1.3,30.24,-58.07,0.521,44.87,-60.25,0.745
40,10,0.32,0.14,0.18,0.5,1.0,30.39,-54.78,0.555,43.43,-53.96,0.805
40,10,0.32,0.14,0.18,0.5,1.3,30.45,-54.78,0.556,44.98,-60.25,0.746
40,10,0.32,0.14,0.18,0.6666666666666666,1.0,30.05,-58.99,0.509,43.55,-53.96,0.807
40,10,0.32,0.14,0.18,0.6666666666666666,1.3,30.1,-58.99,0.51,45.1,-60.25,0.749
40,15,0.24,0.1,0.14,0.3333333333333333,1.0,33.33,-46.72,0.713,42.92,-42.46,1.011
40,15,0.24,0.1,0.14,0.3333333333333333,1.3,32.84,-46.72,0.703,45.7,-42.46,1.076
40,15,0.24,0.1,0.14,0.5,1.0,34.69,-46.72,0.743,43.31,-42.46,1.02
40,15,0.24,0.1,0.14,0.5,1.3,34.2,-46.72,0.732,46.1,-42.46,1.086
40,15,0.24,0.1,0.14,0.6666666666666666,1.0,34.84,-49.73,0.701,43.82,-42.46,1.032
40,15,0.24,0.1,0.14,0.6666666666666666,1.3,34.35,-49.73,0.691,46.63,-42.46,1.098
40,15,0.24,0.1,0.16,0.3333333333333333,1.0,35.05,-46.72,0.75,44.8,-44.27,1.012
40,15,0.24,0.1,0.16,0.3333333333333333,1.3,35.37,-46.72,0.757,47.3,-46.92,1.008
40,15,0.24,0.1,0.16,0.5,1.0,36.43,-46.72,0.78,45.2,-44.27,1.021
40,15,0.24,0.1,0.16,0.5,1.3,36.75,-46.72,0.787,47.7,-46.92,1.017
40,15,0.24,0.1,0.16,0.6666666666666666,1.0,36.58,-49.73,0.736,45.72,-44.27,1.033
40,15,0.24,0.1,0.16,0.6666666666666666,1.3,36.9,-49.73,0.742,48.23,-46.92,1.028
40,15,0.24,0.1,0.18,0.3333333333333333,1.0,34.72,-46.72,0.743,44.04,-50.21,0.877
40,15,0.24,0.1,0.18,0.3333333333333333,1.3,34.78,-46.72,0.745,45.6,-57.02,0.8
40,15,0.24,0.1,0.18,0.5,1.0,36.1,-46.72,0.773,44.44,-50.21,0.885
40,15,0.24,0.1,0.18,0.5,1.3,36.16,-46.72,0.774,46.0,-57.02,0.807
40,15,0.24,0.1,0.18,0.6666666666666666,1.0,36.25,-49.73,0.729,44.96,-50.21,0.895
40,15,0.24,0.1,0.18,0.6666666666666666,1.3,36.31,-49.73,0.73,46.53,-57.02,0.816
40,15,0.24,0.14,0.14,0.3333333333333333,1.0,33.4,-46.72,0.715,42.91,-42.46,1.011
40,15,0.24,0.14,0.14,0.3333333333333333,1.3,32.91,-46.72,0.705,45.69,-42.46,1.076
40,15,0.24,0.14,0.14,0.5,1.0,34.11,-46.72,0.73,43.45,-42.46,1.023
40,15,0.24,0.14,0.14,0.5,1.3,33.62,-46.72,0.72,46.24,-42.46,1.089
40,15,0.24,0.14,0.14,0.6666666666666666,1.0,34.54,-46.72,0.739,43.91,-42.46,1.034
40,15,0.24,0.14,0.14,0.6666666666666666,1.3,34.05,-46.72,0.729,46.71,-42.46,1.1
40,15,0.24,0.14,0.16,0.3333333333333333,1.0,35.12,-46.72,0.752,44.79,-44.27,1.012
40,15,0.24,0.14,0.16,0.3333333333333333,1.3,35.44,-46.72,0.759,47.29,-46.92,1.008
40,15,0.24,0.14,0.16,0.5,1.0,35.84,-46.72,0.767,45.34,-44.27,1.024
40,15,0.24,0.14,0.16,0.5,1.3,36.16,-46.72,0.774,47.84,-46.92,1.02
40,15,0.24,0.14,0.16,0.6666666666666666,1.0,36.28,-46.72,0.777,45.81,-44.27,1.035
40,15,0.24,0.14,0.16,0.6666666666666666,1.3,36.6,-46.72,0.783,48.32,-46.92,1.03
40,15,0.24,0.14,0.18,0.3333333333333333,1.0,34.8,-46.72,0.745,44.03,-50.21,0.877
40,15,0.24,0.14,0.18,0.3333333333333333,1.3,34.85,-46.72,0.746,45.59,-57.02,0.8
40,15,0.24,0.14,0.18,0.5,1.0,35.51,-46.72,0.76,44.58,-50.21,0.888
40,15,0.24,0.14,0.18,0.5,1.3,35.57,-46.72,0.761,46.14,-57.02,0.809
40,15,0.24,0.14,0.18,0.6666666666666666,1.0,35.95,-46.72,0.769,45.05,-50.21,0.897
40,15,0.24,0.14,0.18,0.6666666666666666,1.3,36.01,-46.72,0.771,46.61,-57.02,0.818
40,15,0.28,0.1,0.14,0.3333333333333333,1.0,33.82,-47.2,0.717,43.35,-42.46,1.021
40,15,0.28,0.1,0.14,0.3333333333333333,1.3,33.34,-47.2,0.706,46.14,-42.46,1.087
40,15,0.28,0.1,0.14,0.5,1.0,34.44,-47.2,0.73,43.22,-42.46,1.018
40,15,0.28,0.1,0.14,0.5,1.3,33.95,-47.2,0.719,46.01,-42.46,1.084
40,15,0.28,0.1,0.14,0.6666666666666666,1.0,34.32,-47.2,0.727,43.75,-42.46,1.03
40,15,0.28,0.1,0.14,0.6666666666666666,1.3,33.83,-47.2,0.717,46.55,-42.46,1.096
40,15,0.28,0.1,0.16,0.3333333333333333,1.0,35.55,-47.2,0.753,45.24,-44.27,1.022
40,15,0.28,0.1,0.16,0.3333333333333333,1.3,35.87,-47.2,0.76,47.74,-46.92,1.017
40,15,0.28,0.1,0.16,0.5,1.0,36.17,-47.2,0.766,45.11,-44.27,1.019
40,15,0.28,0.1,0.16,0.5,1.3,36.49,-47.2,0.773,47.61,-46.92,1.015
40,15,0.28,0.1,0.16,0.6666666666666666,1.0,36.06,-47.2,0.764,45.65,-44.27,1.031
40,15,0.28,0.1,0.16,0.6666666666666666,1.3,36.38,-47.2,0.771,48.15,-46.92,1.026
40,15,0.28,0.1,0.18,0.3333333333333333,1.0,35.22,-47.2,0.746,44.48,-50.21,0.886
40,15,0.28,0.1,0.18,0.3333333333333333,1.3,35.28,-47.2,0.747,46.04,-57.02,0.808
40,15,0.28,0.1,0.18,0.5,1.0,35.84,-47.2,0.759,44.35,-50.21,0.883
40,15,0.28,0.1,0.18,0.5,1.3,35.9,-47.2,0.761,45.91,-57.02,0.805
40,15,0.28,0.1,0.18,0.6666666666666666,1.0,35.73,-47.2,0.757,44.88,-50.21,0.894
40,15,0.28,0.1,0.18,0.6666666666666666,1.3,35.79,-47.2,0.758,46.45,-57.02,0.815
40,15,0.28,0.14,0.14,0.3333333333333333,1.0,33.57,-47.2,0.711,42.89,-42.46,1.01
40,15,0.28,0.14,0.14,0.3333333333333333,1.3,33.08,-47.2,0.701,45.67,-42.46,1.076
40,15,0.28,0.14,0.14,0.5,1.0,33.63,-47.2,0.712,43.16,-42.46,1.017
40,15,0.28,0.14,0.14,0.5,1.3,33.14,-47.2,0.702,45.95,-42.46,1.082
40,15,0.28,0.14,0.14,0.6666666666666666,1.0,33.92,-47.2,0.719,43.57,-42.46,1.026
40,15,0.28,0.14,0.14,0.6666666666666666,1.3,33.43,-47.2,0.708,46.37,-42.46,1.092
40,15,0.28,0.14,0.16,0.3333333333333333,1.0,35.29,-47.2,0.748,44.78,-44.27,1.011
40,15,0.28,0.14,0.16,0.3333333333333333,1.3,35.61,-47.2,0.754,47.27,-46.92,1.007
40,15,0.28,0.14,0.16,0.5,1.0,35.35,-47.2,0.749,45.05,-44.27,1.018
40,15,0.28,0.14,0.16,0.5,1.3,35.67,-47.2,0.756,47.55,-46.92,1.013
40,15,0.28,0.14,0.16,0.6666666666666666,1.0,35.65,-47.2,0.755,45.47,-44.27,1.027
40,15,0.28,0.14,0.16,0.6666666666666666,1.3,35.97,-47.2,0.762,47.97,-46.92,1.022
40,15,0.28,0.14,0.18,0.3333333333333333,1.0,34.97,-47.2,0.741,44.02,-50.21,0.877
40,15,0.28,0.14,0.18,0.3333333333333333,1.3,35.03,-47.2,0.742,45.57,-57.02,0.799
40,15,0.28,0.14,0.18,0.5,1.0,35.02,-47.2,0.742,44.29,-50.21,0.882
40,15,0.28,0.14,0.18,0.5,1.3,35.08,-47.2,0.743,45.85,-57.02,0.804
40,15,0.28,0.14,0.18,0.6666666666666666,1.0,35.32,-47.2,0.748,44.71,-50.21,0.89
40,15,0.28,0.14,0.18,0.6666666666666666,1.3,35.38,-47.2,0.749,46.27,-57.02,0.812
40,15,0.32,0.1,0.14,0.3333333333333333,1.0,33.53,-52.64,0.637,42.77,-42.46,1.007
40,15,0.32,0.1,0.14,0.3333333333333333,1.3,33.04,-52.64,0.628,45.55,-42.46,1.073
40,15,0.32,0.1,0.14,0.5,1.0,33.72,-51.06,0.66,42.71,-42.46,1.006
40,15,0.32,0.1,0.14,0.5,1.3,33.23,-51.06,0.651,45.49,-42.46,1.071
40,15,0.32,0.1,0.14,0.6666666666666666,1.0,33.26,-51.18,0.65,42.94,-42.46,1.011
40,15,0.32,0.1,0.14,0.6666666666666666,1.3,32.77,-51.18,0.64,45.73,-42.46,1.077
40,15,0.32,0.1,0.16,0.3333333333333333,1.0,35.26,-52.64,0.67,44.66,-44.27,1.009
40,15,0.32,0.1,0.16,0.3333333333333333,1.3,35.57,-52.64,0.676,47.15,-46.92,1.005
40,15,0.32,0.1,0.16,0.5,1.0,35.44,-51.06,0.694,44.6,-44.27,1.007
40,15,0.32,0.1,0.16,0.5,1.3,35.76,-51.06,0.7,47.08,-46.92,1.003
40,15,0.32,0.1,0.16,0.6666666666666666,1.0,34.98,-51.18,0.683,44.83,-44.27,1.013
40,15,0.32,0.1,0.16,0.6666666666666666,1.3,35.3,-51.18,0.69,47.32,-46.92,1.009
40,15,0.32,0.1,0.18,0.3333333333333333,1.0,34.93,-52.64,0.664,43.9,-50.21,0.874
40,15,0.32,0.1,0.18,0.3333333333333333,1.3,34.99,-52.64,0.665,45.45,-57.02,0.797
40,15,0.32,0.1,0.18,0.5,1.0,35.12,-51.06,0.688,43.84,-50.21,0.873
40,15,0.32,0.1,0.18,0.5,1.3,35.18,-51.06,0.689,45.39,-57.02,0.796
40,15,0.32,0.1,0.18,0.6666666666666666,1.0,34.65,-51.18,0.677,44.07,-50.21,0.878
40,15,0.32,0.1,0.18,0.6666666666666666,1.3,34.71,-51.18,0.678,45.63,-57.02,0.8
40,15,0.32,0.14,0.14,0.3333333333333333,1.0,32.59,-53.71,0.607,42.46,-42.46,1.0
40,15,0.32,0.14,0.14,0.3333333333333333,1.3,32.1,-53.71,0.598,45.24,-42.46,1.065
40,15,0.32,0.14,0.14,0.5,1.0,32.55,-53.04,0.614,42.66,-42.46,1.005
40,15,0.32,0.14,0.14,0.5,1.3,32.06,-53.04,0.604,45.44,-42.46,1.07
40,15,0.32,0.14,0.14,0.6666666666666666,1.0,32.41,-54.85,0.591,42.62,-42.46,1.004
40,15,0.32,0.14,0.14,0.6666666666666666,1.3,31.93,-54.85,0.582,45.4,-42.46,1.069
40,15,0.32,0.14,0.16,0.3333333333333333,1.0,34.3,-53.71,0.639,44.34,-44.27,1.002
40,15,0.32,0.14,0.16,0.3333333333333333,1.3,34.61,-53.71,0.644,46.83,-46.92,0.998
40,15,0.32,0.14,0.16,0.5,1.0,34.26,-53.04,0.646,44.54,-44.27,1.006
40,15,0.32,0.14,0.16,0.5,1.3,34.57,-53.04,0.652,47.03,-46.92,1.002
40,15,0.32,0.14,0.16,0.6666666666666666,1.0,34.12,-54.85,0.622,44.5,-44.27,1.005
40,15,0.32,0.14,0.16,0.6666666666666666,1.3,34.44,-54.85,0.628,46.99,-46.92,1.001
40,15,0.32,0.14,0.18,0.3333333333333333,1.0,33.97,-53.71,0.633,43.59,-50.21,0.868
40,15,0.32,0.14,0.18,0.3333333333333333,1.3,34.03,-53.71,0.634,45.14,-57.02,0.792
40,15,0.32,0.14,0.18,0.5,1.0,33.93,-53.04,0.64,43.79,-50.21,0.872
40,15,0.32,0.14,0.18,0.5,1.3,33.99,-53.04,0.641,45.34,-57.02,0.795
40,15,0.32,0.14,0.18,0.6666666666666666,1.0,33.8,-54.85,0.616,43.75,-50.21,0.871
40,15,0.32,0.14,0.18,0.6666666666666666,1.3,33.86,-54.85,0.617,45.3,-57.02,0.795
40,21,0.24,0.1,0.14,0.3333333333333333,1.0,32.67,-45.75,0.714,39.23,-42.78,0.917
40,21,0.24,0.1,0.14,0.3333333333333333,1.3,32.18,-45.75,0.703,41.94,-42.78,0.98
40,21,0.24,0.1,0.14,0.5,1.0,34.14,-45.36,0.753,39.61,-42.78,0.926
40,21,0.24,0.1,0.14,0.5,1.3,33.66,-45.36,0.742,42.33,-42.78,0.989
40,21,0.24,0.1,0.14,0.6666666666666666,1.0,34.22,-49.73,0.688,40.12,-42.78,0.938
40,21,0.24,0.1,0.14,0.6666666666666666,1.3,33.73,-49.73,0.678,42.85,-42.78,1.001
40,21,0.24,0.1,0.16,0.3333333333333333,1.0,34.49,-45.75,0.754,41.58,-42.78,0.972
40,21,0.24,0.1,0.16,0.3333333333333333,1.3,34.81,-45.75,0.761,44.02,-44.93,0.98
40,21,0.24,0.1,0.16,0.5,1.0,35.99,-45.36,0.793,41.97,-42.78,0.981
40,21,0.24,0.1,0.16,0.5,1.3,36.31,-45.5,0.798,44.42,-44.93,0.988
40,21,0.24,0.1,0.16,0.6666666666666666,1.0,36.06,-49.73,0.725,42.48,-42.78,0.993
40,21,0.24,0.1,0.16,0.6666666666666666,1.3,36.38,-49.73,0.732,44.94,-44.93,1.0
40,21,0.24,0.1,0.18,0.3333333333333333,1.0,34.16,-45.75,0.747,41.11,-48.28,0.852
40,21,0.24,0.1,0.18,0.3333333333333333,1.3,34.22,-45.75,0.748,42.64,-55.35,0.77
40,21,0.24,0.1,0.18,0.5,1.0,35.66,-45.36,0.786,41.5,-48.28,0.86
40,21,0.24,0.1,0.18,0.5,1.3,35.72,-45.36,0.787,43.03,-55.35,0.777
40,21,0.24,0.1,0.18,0.6666666666666666,1.0,35.73,-49.73,0.719,42.01,-48.28,0.87
40,21,0.24,0.1,0.18,0.6666666666666666,1.3,35.79,-49.73,0.72,43.55,-55.35,0.787
40,21,0.24,0.14,0.14,0.3333333333333333,1.0,32.25,-44.91,0.718,38.95,-47.11,0.827
40,21,0.24,0.14,0.14,0.3333333333333333,1.3,31.77,-44.91,0.707,41.65,-47.11,0.884
40,21,0.24,0.14,0.14,0.5,1.0,32.97,-45.94,0.718,39.48,-47.11,0.838
40,21,0.24,0.14,0.14,0.5,1.3,32.49,-45.94,0.707,42.2,-47.11,0.896
40,21,0.24,0.14,0.14,0.6666666666666666,1.0,33.33,-47.91,0.696,39.91,-47.11,0.847
40,21,0.24,0.14,0.14,0.6666666666666666,1.3,32.84,-47.91,0.685,42.64,-47.11,0.905
40,21,0.24,0.14,0.16,0.3333333333333333,1.0,34.06,-44.91,0.759,41.29,-47.11,0.876
40,21,0.24,0.14,0.16,0.3333333333333333,1.3,34.38,-45.5,0.756,43.73,-47.11,0.928
40,21,0.24,0.14,0.16,0.5,1.0,34.8,-45.94,0.758,41.84,-47.11,0.888
40,21,0.24,0.14,0.16,0.5,1.3,35.12,-45.94,0.764,44.28,-47.11,0.94
40,21,0.24,0.14,0.16,0.6666666666666666,1.0,35.16,-47.91,0.734,42.27,-47.11,0.897
40,21,0.24,0.14,0.16,0.6666666666666666,1.3,35.48,-47.91,0.74,44.72,-47.11,0.949
40,21,0.24,0.14,0.18,0.3333333333333333,1.0,33.74,-44.91,0.751,40.82,-48.28,0.846
40,21,0.24,0.14,0.18,0.3333333333333333,1.3,33.8,-44.91,0.753,42.35,-55.35,0.765
40,21,0.24,0.14,0.18,0.5,1.0,34.47,-45.94,0.75,41.36,-48.28,0.857
40,21,0.24,0.14,0.18,0.5,1.3,34.53,-45.94,0.752,42.89,-55.35,0.775
40,21,0.24,0.14,0.18,0.6666666666666666,1.0,34.83,-47.91,0.727,41.8,-48.28,0.866
40,21,0.24,0.14,0.18,0.6666666666666666,1.3,34.89,-47.91,0.728,43.34,-55.35,0.783
40,21,0.28,0.1,0.14,0.3333333333333333,1.0,32.06,-47.27,0.678,38.76,-51.65,0.75
40,21,0.28,0.1,0.14,0.3333333333333333,1.3,31.58,-47.27,0.668,41.46,-51.65,0.803
40,21,0.28,0.1,0.14,0.5,1.0,32.38,-47.27,0.685,38.6,-51.65,0.747
40,21,0.28,0.1,0.14,0.5,1.3,31.89,-47.27,0.675,41.3,-51.65,0.8
40,21,0.28,0.1,0.14,0.6666666666666666,1.0,32.62,-47.91,0.681,39.14,-51.65,0.758
40,21,0.28,0.1,0.14,0.6666666666666666,1.3,32.14,-47.91,0.671,41.85,-51.65,0.81
40,21,0.28,0.1,0.16,0.3333333333333333,1.0,33.88,-47.27,0.717,41.1,-51.65,0.796
40,21,0.28,0.1,0.16,0.3333333333333333,1.3,34.19,-47.27,0.723,43.53,-51.65,0.843
40,21,0.28,0.1,0.16,0.5,1.0,34.19,-47.27,0.723,40.94,-51.65,0.793
40,21,0.28,0.1,0.16,0.5,1.3,34.51,-47.27,0.73,43.37,-51.65,0.84
40,21,0.28,0.1,0.16,0.6666666666666666,1.0,34.44,-47.91,0.719,41.49,-51.65,0.803
40,21,0.28,0.1,0.16,0.6666666666666666,1.3,34.76,-47.91,0.726,43.93,-51.65,0.85
40,21,0.28,0.1,0.18,0.3333333333333333,1.0,33.55,-47.27,0.71,40.64,-50.75,0.801
40,21,0.28,0.1,0.18,0.3333333333333333,1.3,33.61,-47.27,0.711,42.16,-55.35,0.762
40,21,0.28,0.1,0.18,0.5,1.0,33.87,-47.27,0.717,40.48,-50.75,0.798
40,21,0.28,0.1,0.18,0.5,1.3,33.93,-47.27,0.718,42.0,-55.35,0.759
40,21,0.28,0.1,0.18,0.6666666666666666,1.0,34.12,-47.91,0.712,41.02,-50.75,0.808
40,21,0.28,0.1,0.18,0.6666666666666666,1.3,34.18,-47.91,0.713,42.55,-55.35,0.769
40,21,0.28,0.14,0.14,0.3333333333333333,1.0,30.78,-51.6,0.597,38.33,-53.38,0.718
40,21,0.28,0.14,0.14,0.3333333333333333,1.3,30.31,-51.6,0.587,41.03,-53.38,0.769
40,21,0.28,0.14,0.14,0.5,1.0,30.56,-53.62,0.57,38.59,-53.38,0.723
40,21,0.28,0.14,0.14,0.5,1.3,30.09,-53.62,0.561,41.29,-53.38,0.774
40,21,0.28,0.14,0.14,0.6666666666666666,1.0,31.13,-51.68,0.602,39.02,-53.38,0.731
40,21,0.28,0.14,0.14,0.6666666666666666,1.3,30.65,-51.68,0.593,41.72,-53.38,0.782
40,21,0.28,0.14,0.16,0.3333333333333333,1.0,32.58,-51.6,0.631,40.67,-53.38,0.762
40,21,0.28,0.14,0.16,0.3333333333333333,1.3,32.89,-51.6,0.637,43.09,-53.38,0.807
40,21,0.28,0.14,0.16,0.5,1.0,32.36,-53.62,0.603,40.93,-53.38,0.767
40,21,0.28,0.14,0.16,0.5,1.3,32.67,-53.62,0.609,43.36,-53.38,0.812
40,21,0.28,0.14,0.16,0.6666666666666666,1.0,32.93,-51.68,0.637,41.36,-53.38,0.775
40,21,0.28,0.14,0.16,0.6666666666666666,1.3,33.24,-51.68,0.643,43.8,-53.38,0.821
40,21,0.28,0.14,0.18,0.3333333333333333,1.0,32.26,-51.6,0.625,40.2,-52.51,0.766
40,21,0.28,0.14,0.18,0.3333333333333333,1.3,32.32,-51.6,0.626,41.72,-55.35,0.754
40,21,0.28,0.14,0.18,0.5,1.0,32.04,-53.62,0.597,40.46,-52.51,0.771
40,21,0.28,0.14,0.18,0.5,1.3,32.1,-53.62,0.599,41.98,-55.35,0.759
40,21,0.28,0.14,0.18,0.6666666666666666,1.0,32.6,-51.68,0.631,40.9,-52.51,0.779
40,21,0.28,0.14,0.18,0.6666666666666666,1.3,32.66,-51.68,0.632,42.42,-55.35,0.766
40,21,0.32,0.1,0.14,0.3333333333333333,1.0,29.64,-60.84,0.487,37.92,-57.82,0.656
40,21,0.32,0.1,0.14,0.3333333333333333,1.3,29.17,-60.84,0.479,40.61,-57.82,0.702
40,21,0.32,0.1,0.14,0.5,1.0,29.68,-59.83,0.496,37.95,-57.82,0.656
40,21,0.32,0.1,0.14,0.5,1.3,29.21,-59.83,0.488,40.64,-57.82,0.703
40,21,0.32,0.1,0.14,0.6666666666666666,1.0,29.4,-58.85,0.5,38.1,-57.82,0.659
40,21,0.32,0.1,0.14,0.6666666666666666,1.3,28.93,-58.85,0.492,40.79,-57.82,0.705
40,21,0.32,0.1,0.16,0.3333333333333333,1.0,31.42,-60.84,0.516,40.25,-57.82,0.696
40,21,0.32,0.1,0.16,0.3333333333333333,1.3,31.73,-60.84,0.521,42.67,-57.82,0.738
40,21,0.32,0.1,0.16,0.5,1.0,31.46,-59.83,0.526,40.28,-57.82,0.697
40,21,0.32,0.1,0.16,0.5,1.3,31.77,-59.83,0.531,42.7,-57.82,0.738
40,21,0.32,0.1,0.16,0.6666666666666666,1.0,31.18,-58.85,0.53,40.43,-57.82,0.699
40,21,0.32,0.1,0.16,0.6666666666666666,1.3,31.49,-58.85,0.535,42.85,-57.82,0.741
40,21,0.32,0.1,0.18,0.3333333333333333,1.0,31.1,-60.84,0.511,39.79,-57.03,0.698
40,21,0.32,0.1,0.18,0.3333333333333333,1.3,31.16,-60.84,0.512,41.3,-57.88,0.714
40,21,0.32,0.1,0.18,0.5,1.0,31.14,-59.83,0.52,39.81,-57.03,0.698
40,21,0.32,0.1,0.18,0.5,1.3,31.2,-59.83,0.521,41.33,-57.88,0.714
40,21,0.32,0.1,0.18,0.6666666666666666,1.0,30.86,-58.85,0.524,39.96,-57.03,0.701
40,21,0.32,0.1,0.18,0.6666666666666666,1.3,30.92,-58.85,0.525,41.48,-57.88,0.717
40,21,0.32,0.14,0.14,0.3333333333333333,1.0,28.18,-63.41,0.444,37.78,-57.82,0.653
40,21,0.32,0.14,0.14,0.3333333333333333,1.3,27.72,-63.41,0.437,40.46,-57.82,0.7
40,21,0.32,0.14,0.14,0.5,1.0,28.47,-62.31,0.457,37.92,-57.82,0.656
40,21,0.32,0.14,0.14,0.5,1.3,28.0,-62.31,0.449,40.61,-57.82,0.702
40,21,0.32,0.14,0.14,0.6666666666666666,1.0,28.01,-63.3,0.443,37.93,-57.82,0.656
40,21,0.32,0.14,0.14,0.6666666666666666,1.3,27.55,-63.3,0.435,40.62,-57.82,0.703
40,21,0.32,0.14,0.16,0.3333333333333333,1.0,29.94,-63.41,0.472,40.1,-57.82,0.694
40,21,0.32,0.14,0.16,0.3333333333333333,1.3,30.25,-63.41,0.477,42.52,-57.82,0.735
40,21,0.32,0.14,0.16,0.5,1.0,30.24,-62.31,0.485,40.25,-57.82,0.696
40,21,0.32,0.14,0.16,0.5,1.3,30.54,-62.31,0.49,42.67,-57.82,0.738
40,21,0.32,0.14,0.16,0.6666666666666666,1.0,29.77,-63.3,0.47,40.26,-57.82,0.696
40,21,0.32,0.14,0.16,0.6666666666666666,1.3,30.07,-63.3,0.475,42.67,-57.82,0.738
40,21,0.32,0.14,0.18,0.3333333333333333,1.0,29.63,-63.41,0.467,39.64,-57.03,0.695
40,21,0.32,0.14,0.18,0.3333333333333333,1.3,29.69,-63.41,0.468,41.15,-57.88,0.711
40,21,0.32,0.14,0.18,0.5,1.0,29.92,-62.31,0.48,39.79,-57.03,0.698
40,21,0.32,0.14,0.18,0.5,1.3,29.98,-62.31,0.481,41.3,-57.88,0.714
40,21,0.32,0.14,0.18,0.6666666666666666,1.0,29.45,-63.3,0.465,39.79,-57.03,0.698
40,21,0.32,0.14,0.18,0.6666666666666666,1.3,29.51,-63.3,0.466,41.31,-57.88,0.714
50,10,0.24,0.1,0.14,0.3333333333333333,1.0,29.09,-53.29,0.546,42.96,-49.16,0.874
50,10,0.24,0.1,0.14,0.3333333333333333,1.3,28.62,-53.29,0.537,45.74,-49.16,0.93
50,10,0.24,0.1,0.14,0.5,1.0,30.44,-53.29,0.571,43.17,-49.16,0.878
50,10,0.24,0.1,0.14,0.5,1.3,29.96,-53.29,0.562,45.96,-49.16,0.935
50,10,0.24,0.1,0.14,0.6666666666666666,1.0,30.6,-53.29,0.574,43.88,-49.16,0.893
50,10,0.24,0.1,0.14,0.6666666666666666,1.3,30.13,-53.29,0.565,46.68,-49.16,0.95
50,10,0.24,0.1,0.16,0.3333333333333333,1.0,31.11,-53.29,0.584,45.42,-49.93,0.91
50,10,0.24,0.1,0.16,0.3333333333333333,1.3,31.42,-53.29,0.589,47.93,-52.31,0.916
50,10,0.24,0.1,0.16,0.5,1.0,32.47,-53.29,0.609,45.64,-49.93,0.914
50,10,0.24,0.1,0.16,0.5,1.3,32.78,-53.29,0.615,48.15,-52.31,0.92
50,10,0.24,0.1,0.16,0.6666666666666666,1.0,32.64,-53.29,0.612,46.36,-49.93,0.929
50,10,0.24,0.1,0.16,0.6666666666666666,1.3,32.95,-53.29,0.618,48.88,-52.31,0.934
50,10,0.24,0.1,0.18,0.3333333333333333,1.0,30.79,-53.29,0.578,43.88,-55.26,0.794
50,10,0.24,0.1,0.18,0.3333333333333333,1.3,30.85,-53.29,0.579,45.43,-61.38,0.74
50,10,0.24,0.1,0.18,0.5,1.0,32.15,-53.29,0.603,44.09,-55.26,0.798
50,10,0.24,0.1,0.18,0.5,1.3,32.21,-53.29,0.604,45.65,-61.38,0.744
50,10,0.24,0.1,0.18,0.6666666666666666,1.0,32.32,-53.29,0.606,44.81,-55.26,0.811
50,10,0.24,0.1,0.18,0.6666666666666666,1.3,32.38,-53.29,0.608,46.37,-61.38,0.756
50,10,0.24,0.14,0.14,0.3333333333333333,1.0,28.9,-53.29,0.542,42.41,-49.16,0.863
50,10,0.24,0.14,0.14,0.3333333333333333,1.3,28.43,-53.29,0.534,45.18,-49.16,0.919
50,10,0.24,0.14,0.14,0.5,1.0,29.04,-53.29,0.545,42.98,-49.16,0.874
50,10,0.24,0.14,0.14,0.5,1.3,28.57,-53.29,0.536,45.76,-49.16,0.931
50,10,0.24,0.14,0.14,0.6666666666666666,1.0,30.02,-53.29,0.563,43.47,-49.16,0.884
50,10,0.24,0.14,0.14,0.6666666666666666,1.3,29.54,-53.29,0.554,46.27,-49.16,0.941
50,10,0.24,0.14,0.16,0.3333333333333333,1.0,30.91,-53.29,0.58,44.87,-49.93,0.899
50,10,0.24,0.14,0.16,0.3333333333333333,1.3,31.22,-53.29,0.586,47.36,-52.31,0.905
50,10,0.24,0.14,0.16,0.5,1.0,31.05,-53.29,0.583,45.44,-49.93,0.91
50,10,0.24,0.14,0.16,0.5,1.3,31.36,-53.29,0.588,47.95,-52.31,0.917
50,10,0.24,0.14,0.16,0.6666666666666666,1.0,32.04,-53.29,0.601,45.95,-49.93,0.92
50,10,0.24,0.14,0.16,0.6666666666666666,1.3,32.35,-53.29,0.607,48.46,-52.31,0.926
50,10,0.24,0.14,0.18,0.3333333333333333,1.0,30.6,-53.29,0.574,43.33,-55.26,0.784
50,10,0.24,0.14,0.18,0.3333333333333333,1.3,30.65,-53.29,0.575,44.88,-61.38,0.731
50,10,0.24,0.14,0.18,0.5,1.0,30.73,-53.29,0.577,43.9,-55.26,0.794
50,10,0.24,0.14,0.18,0.5,1.3,30.79,-53.29,0.578,45.45,-61.38,0.741
50,10,0.24,0.14,0.18,0.6666666666666666,1.0,31.72,-53.29,0.595,44.4,-55.26,0.803
50,10,0.24,0.14,0.18,0.6666666666666666,1.3,31.78,-53.29,0.596,45.96,-61.38,0.749
50,10,0.28,0.1,0.14,0.3333333333333333,1.0,28.56,-53.29,0.536,42.31,-49.16,0.861
50,10,0.28,0.1,0.14,0.3333333333333333,1.3,28.09,-53.29,0.527,45.08,-49.16,0.917
50,10,0.28,0.1,0.14,0.5,1.0,28.99,-53.29,0.544,42.12,-49.16,0.857
50,10,0.28,0.1,0.14,0.5,1.3,28.52,-53.29,0.535,44.89,-49.16,0.913
50,10,0.28,0.1,0.14,0.6666666666666666,1.0,29.25,-53.29,0.549,42.78,-49.16,0.87
50,10,0.28,0.1,0.14,0.6666666666666666,1.3,28.78,-53.29,0.54,45.56,-49.16,0.927
50,10,0.28,0.1,0.16,0.3333333333333333,1.0,30.56,-53.29,0.574,44.77,-49.93,0.897
50,10,0.28,0.1,0.16,0.3333333333333333,1.3,30.87,-53.29,0.579,47.26,-52.31,0.903
50,10,0.28,0.1,0.16,0.5,1.0,31.0,-53.29,0.582,44.57,-49.93,0.893
50,10,0.28,0.1,0.16,0.5,1.3,31.31,-53.29,0.588,47.06,-52.31,0.9
50,10,0.28,0.1,0.16,0.6666666666666666,1.0,31.27,-53.29,0.587,45.25,-49.93,0.906
50,10,0.28,0.1,0.16,0.6666666666666666,1.3,31.58,-53.29,0.593,47.75,-52.31,0.913
50,10,0.28,0.1,0.18,0.3333333333333333,1.0,30.25,-53.29,0.568,43.23,-55.26,0.782
50,10,0.28,0.1,0.18,0.3333333333333333,1.3,30.31,-53.29,0.569,44.78,-61.38,0.73
50,10,0.28,0.1,0.18,0.5,1.0,30.68,-53.29,0.576,43.03,-55.26,0.779
50,10,0.28,0.1,0.18,0.5,1.3,30.74,-53.29,0.577,44.58,-61.38,0.726
50,10,0.28,0.1,0.18,0.6666666666666666,1.0,30.95,-53.29,0.581,43.7,-55.26,0.791
50,10,0.28,0.1,0.18,0.6666666666666666,1.3,31.01,-53.29,0.582,45.26,-61.38,0.737
50,10,0.28,0.14,0.14,0.3333333333333333,1.0,27.4,-53.29,0.514,41.8,-49.16,0.85
50,10,0.28,0.14,0.14,0.3333333333333333,1.3,26.93,-53.29,0.505,44.56,-49.16,0.906
50,10,0.28,0.14,0.14,0.5,1.0,27.47,-53.29,0.515,42.34,-49.16,0.861
50,10,0.28,0.14,0.14,0.5,1.3,27.01,-53.29,0.507,45.11,-49.16,0.918
50,10,0.28,0.14,0.14,0.6666666666666666,1.0,27.81,-53.29,0.522,42.5,-49.16,0.865
50,10,0.28,0.14,0.14,0.6666666666666666,1.3,27.34,-53.29,0.513,45.28,-49.16,0.921
50,10,0.28,0.14,0.16,0.3333333333333333,1.0,29.38,-53.29,0.551,44.24,-49.93,0.886
50,10,0.28,0.14,0.16,0.3333333333333333,1.3,29.69,-53.29,0.557,46.73,-52.31,0.893
50,10,0.28,0.14,0.16,0.5,1.0,29.46,-53.29,0.553,44.8,-49.93,0.897
50,10,0.28,0.14,0.16,0.5,1.3,29.76,-53.29,0.558,47.29,-52.31,0.904
50,10,0.28,0.14,0.16,0.6666666666666666,1.0,29.8,-53.29,0.559,44.96,-49.93,0.9
50,10,0.28,0.14,0.16,0.6666666666666666,1.3,30.11,-53.29,0.565,47.46,-52.31,0.907
50,10,0.28,0.14,0.18,0.3333333333333333,1.0,29.07,-53.29,0.545,42.71,-55.26,0.773
50,10,0.28,0.14,0.18,0.3333333333333333,1.3,29.13,-53.29,0.547,44.25,-61.38,0.721
50,10,0.28,0.14,0.18,0.5,1.0,29.14,-53.29,0.547,43.26,-55.26,0.783
50,10,0.28,0.14,0.18,0.5,1.3,29.2,-53.29,0.548,44.81,-61.38,0.73
50,10,0.28,0.14,0.18,0.6666666666666666,1.0,29.49,-53.29,0.553,43.42,-55.26,0.786
50,10,0.28,0.14,0.18,0.6666666666666666,1.3,29.54,-53.29,0.554,44.97,-61.38,0.733
50,10,0.32,0.1,0.14,0.3333333333333333,1.0,26.44,-53.29,0.496,41.37,-49.16,0.842
50,10,0.32,0.1,0.14,0.3333333333333333,1.3,25.98,-53.29,0.488,44.12,-49.16,0.898
50,10,0.32,0.1,0.14,0.5,1.0,26.54,-53.29,0.498,41.41,-49.16,0.842
50,10,0.32,0.1,0.14,0.5,1.3,26.08,-53.29,0.489,44.17,-49.16,0.898
50,10,0.32,0.1,0.14,0.6666666666666666,1.0,26.11,-53.29,0.49,41.5,-49.16,0.844
50,10,0.32,0.1,0.14,0.6666666666666666,1.3,25.65,-53.29,0.481,44.26,-49.16,0.9
50,10,0.32,0.1,0.16,0.3333333333333333,1.0,28.41,-53.29,0.533,43.81,-49.93,0.877
50,10,0.32,0.1,0.16,0.3333333333333333,1.3,28.72,-53.29,0.539,46.28,-52.31,0.885
50,10,0.32,0.1,0.16,0.5,1.0,28.52,-53.29,0.535,43.85,-49.93,0.878
50,10,0.32,0.1,0.16,0.5,1.3,28.82,-53.29,0.541,46.33,-52.31,0.886
50,10,0.32,0.1,0.16,0.6666666666666666,1.0,28.08,-53.29,0.527,43.94,-49.93,0.88
50,10,0.32,0.1,0.16,0.6666666666666666,1.3,28.38,-53.29,0.532,46.42,-52.31,0.887
50,10,0.32,0.1,0.18,0.3333333333333333,1.0,28.1,-53.29,0.527,42.28,-55.26,0.765
50,10,0.32,0.1,0.18,0.3333333333333333,1.3,28.16,-53.29,0.528,43.82,-61.38,0.714
50,10,0.32,0.1,0.18,0.5,1.0,28.2,-53.29,0.529,42.32,-55.26,0.766
50,10,0.32,0.1,0.18,0.5,1.3,28.26,-53.29,0.53,43.86,-61.38,0.715
50,10,0.32,0.1,0.18,0.6666666666666666,1.0,27.77,-53.29,0.521,42.41,-55.26,0.767
50,10,0.32,0.1,0.18,0.6666666666666666,1.3,27.82,-53.29,0.522,43.95,-61.38,0.716
50,10,0.32,0.14,0.14,0.3333333333333333,1.0,25.12,-56.3,0.446,41.2,-49.16,0.838
50,10,0.32,0.14,0.14,0.3333333333333333,1.3,24.66,-56.3,0.438,43.95,-49.16,0.894
50,10,0.32,0.14,0.14,0.5,1.0,25.33,-53.66,0.472,41.31,-49.16,0.84
50,10,0.32,0.14,0.14,0.5,1.3,24.87,-53.66,0.463,44.06,-49.16,0.896
50,10,0.32,0.14,0.14,0.6666666666666666,1.0,24.99,-57.25,0.437,41.43,-49.16,0.843
50,10,0.32,0.14,0.14,0.6666666666666666,1.3,24.54,-57.25,0.429,44.18,-49.16,0.899
50,10,0.32,0.14,0.16,0.3333333333333333,1.0,27.07,-56.3,0.481,43.64,-49.93,0.874
50,10,0.32,0.14,0.16,0.3333333333333333,1.3,27.37,-56.3,0.486,46.11,-52.31,0.881
50,10,0.32,0.14,0.16,0.5,1.0,27.28,-53.66,0.508,43.74,-49.93,0.876
50,10,0.32,0.14,0.16,0.5,1.3,27.58,-53.66,0.514,46.22,-52.31,0.884
50,10,0.32,0.14,0.16,0.6666666666666666,1.0,26.94,-57.25,0.471,43.87,-49.93,0.879
50,10,0.32,0.14,0.16,0.6666666666666666,1.3,27.24,-57.25,0.476,46.34,-52.31,0.886
50,10,0.32,0.14,0.18,0.3333333333333333,1.0,26.76,-56.3,0.475,42.11,-55.26,0.762
50,10,0.32,0.14,0.18,0.3333333333333333,1.3,26.82,-56.3,0.476,43.65,-61.38,0.711
50,10,0.32,0.14,0.18,0.5,1.0,26.97,-53.66,0.503,42.22,-55.26,0.764
50,10,0.32,0.14,0.18,0.5,1.3,27.03,-53.66,0.504,43.75,-61.38,0.713
50,10,0.32,0.14,0.18,0.6666666666666666,1.0,26.64,-57.25,0.465,42.34,-55.26,0.766
50,10,0.32,0.14,0.18,0.6666666666666666,1.3,26.69,-57.25,0.466,43.88,-61.38,0.715
50,15,0.24,0.1,0.14,0.3333333333333333,1.0,30.58,-48.83,0.626,45.0,-43.74,1.029
50,15,0.24,0.1,0.14,0.3333333333333333,1.3,30.11,-48.83,0.617,47.83,-43.74,1.093
50,15,0.24,0.1,0.14,0.5,1.0,31.98,-48.83,0.655,45.33,-43.74,1.036
50,15,0.24,0.1,0.14,0.5,1.3,31.5,-48.83,0.645,48.16,-43.74,1.101
50,15,0.24,0.1,0.14,0.6666666666666666,1.0,32.12,-49.73,0.646,45.94,-43.74,1.05
50,15,0.24,0.1,0.14,0.6666666666666666,1.3,31.64,-49.73,0.636,48.78,-43.74,1.115
50,15,0.24,0.1,0.16,0.3333333333333333,1.0,32.38,-48.83,0.663,47.06,-45.52,1.034
50,15,0.24,0.1,0.16,0.3333333333333333,1.3,32.69,-48.83,0.67,49.59,-48.11,1.031
50,15,0.24,0.1,0.16,0.5,1.0,33.79,-48.83,0.692,47.4,-45.52,1.041
50,15,0.24,0.1,0.16,0.5,1.3,34.11,-48.83,0.699,49.93,-48.11,1.038
50,15,0.24,0.1,0.16,0.6666666666666666,1.0,33.94,-49.73,0.683,48.01,-45.52,1.055
50,15,0.24,0.1,0.16,0.6666666666666666,1.3,34.25,-49.73,0.689,50.56,-48.11,1.051
50,15,0.24,0.1,0.18,0.3333333333333333,1.0,32.06,-48.83,0.657,45.73,-51.32,0.891
50,15,0.24,0.1,0.18,0.3333333333333333,1.3,32.12,-48.83,0.658,47.31,-57.98,0.816
50,15,0.24,0.1,0.18,0.5,1.0,33.47,-48.83,0.685,46.06,-51.32,0.897
50,15,0.24,0.1,0.18,0.5,1.3,33.53,-48.83,0.687,47.64,-57.98,0.822
50,15,0.24,0.1,0.18,0.6666666666666666,1.0,33.61,-49.73,0.676,46.67,-51.32,0.909
50,15,0.24,0.1,0.18,0.6666666666666666,1.3,33.67,-49.73,0.677,48.26,-57.98,0.832
50,15,0.24,0.14,0.14,0.3333333333333333,1.0,30.37,-48.83,0.622,44.92,-43.74,1.027
50,15,0.24,0.14,0.14,0.3333333333333333,1.3,29.9,-48.83,0.612,47.74,-43.74,1.091
50,15,0.24,0.14,0.14,0.5,1.0,30.96,-48.83,0.634,45.45,-43.74,1.039
50,15,0.24,0.14,0.14,0.5,1.3,30.49,-48.83,0.624,48.28,-43.74,1.104
50,15,0.24,0.14,0.14,0.6666666666666666,1.0,31.46,-48.83,0.644,45.94,-43.74,1.05
50,15,0.24,0.14,0.14,0.6666666666666666,1.3,30.98,-48.83,0.634,48.78,-43.74,1.115
50,15,0.24,0.14,0.16,0.3333333333333333,1.0,32.17,-48.83,0.659,46.98,-45.52,1.032
50,15,0.24,0.14,0.16,0.3333333333333333,1.3,32.48,-48.83,0.665,49.51,-48.11,1.029
50,15,0.24,0.14,0.16,0.5,1.0,32.77,-48.83,0.671,47.52,-45.52,1.044
50,15,0.24,0.14,0.16,0.5,1.3,33.08,-48.83,0.677,50.06,-48.11,1.04
50,15,0.24,0.14,0.16,0.6666666666666666,1.0,33.27,-48.83,0.681,48.01,-45.52,1.055
50,15,0.24,0.14,0.16,0.6666666666666666,1.3,33.58,-48.83,0.688,50.56,-48.11,1.051
50,15,0.24,0.14,0.18,0.3333333333333333,1.0,31.85,-48.83,0.652,45.65,-51.32,0.889
50,15,0.24,0.14,0.18,0.3333333333333333,1.3,31.9,-48.83,0.653,47.22,-57.98,0.815
50,15,0.24,0.14,0.18,0.5,1.0,32.45,-48.83,0.664,46.18,-51.32,0.9
50,15,0.24,0.14,0.18,0.5,1.3,32.5,-48.83,0.666,47.76,-57.98,0.824
50,15,0.24,0.14,0.18,0.6666666666666666,1.0,32.94,-48.83,0.675,46.67,-51.32,0.909
50,15,0.24,0.14,0.18,0.6666666666666666,1.3,33.0,-48.83,0.676,48.26,-57.98,0.832
50,15,0.28,0.1,0.14,0.3333333333333333,1.0,30.47,-48.83,0.624,45.56,-43.74,1.042
50,15,0.28,0.1,0.14,0.3333333333333333,1.3,29.99,-48.83,0.614,48.4,-43.74,1.106
50,15,0.28,0.1,0.14,0.5,1.0,30.97,-48.83,0.634,45.34,-43.74,1.036
50,15,0.28,0.1,0.14,0.5,1.3,30.5,-48.83,0.625,48.17,-43.74,1.101
50,15,0.28,0.1,0.14,0.6666666666666666,1.0,30.97,-48.83,0.634,45.98,-43.74,1.051
50,15,0.28,0.1,0.14,0.6666666666666666,1.3,30.5,-48.83,0.625,48.83,-43.74,1.116
50,15,0.28,0.1,0.16,0.3333333333333333,1.0,32.26,-48.83,0.661,47.63,-45.52,1.046
50,15,0.28,0.1,0.16,0.3333333333333333,1.3,32.57,-48.83,0.667,50.17,-48.11,1.043
50,15,0.28,0.1,0.16,0.5,1.0,32.78,-48.83,0.671,47.41,-45.52,1.041
50,15,0.28,0.1,0.16,0.5,1.3,33.09,-48.83,0.678,49.94,-48.11,1.038
50,15,0.28,0.1,0.16,0.6666666666666666,1.0,32.78,-48.83,0.671,48.06,-45.52,1.056
50,15,0.28,0.1,0.16,0.6666666666666666,1.3,33.09,-48.83,0.678,50.61,-48.11,1.052
50,15,0.28,0.1,0.18,0.3333333333333333,1.0,31.94,-48.83,0.654,46.29,-51.32,0.902
50,15,0.28,0.1,0.18,0.3333333333333333,1.3,32.0,-48.83,0.655,47.87,-57.98,0.826
50,15,0.28,0.1,0.18,0.5,1.0,32.46,-48.83,0.665,46.07,-51.32,0.898
50,15,0.28,0.1,0.18,0.5,1.3,32.51,-48.83,0.666,47.65,-57.98,0.822
50,15,0.28,0.1,0.18,0.6666666666666666,1.0,32.46,-48.83,0.665,46.72,-51.32,0.91
50,15,0.28,0.1,0.18,0.6666666666666666,1.3,32.52,-48.83,0.666,48.3,-57.98,0.833
50,15,0.28,0.14,0.14,0.3333333333333333,1.0,30.09,-48.83,0.616,44.96,-43.74,1.028
50,15,0.28,0.14,0.14,0.3333333333333333,1.3,29.62,-48.83,0.607,47.78,-43.74,1.092
50,15,0.28,0.14,0.14,0.5,1.0,30.1,-48.83,0.616,45.38,-43.74,1.037
50,15,0.28,0.14,0.14,0.5,1.3,29.62,-48.83,0.607,48.21,-43.74,1.102
50,15,0.28,0.14,0.14,0.6666666666666666,1.0,30.4,-48.83,0.623,45.67,-43.74,1.044
50,15,0.28,0.14,0.14,0.6666666666666666,1.3,29.93,-48.83,0.613,48.5,-43.74,1.109
50,15,0.28,0.14,0.16,0.3333333333333333,1.0,31.88,-48.83,0.653,47.02,-45.52,1.033
50,15,0.28,0.14,0.16,0.3333333333333333,1.3,32.19,-48.83,0.659,49.55,-48.11,1.03
50,15,0.28,0.14,0.16,0.5,1.0,31.89,-48.83,0.653,47.45,-45.52,1.042
50,15,0.28,0.14,0.16,0.5,1.3,32.2,-48.83,0.659,49.99,-48.11,1.039
50,15,0.28,0.14,0.16,0.6666666666666666,1.0,32.2,-48.83,0.659,47.74,-45.52,1.049
50,15,0.28,0.14,0.16,0.6666666666666666,1.3,32.51,-48.83,0.666,50.28,-48.11,1.045
50,15,0.28,0.14,0.18,0.3333333333333333,1.0,31.56,-48.83,0.646,45.69,-51.32,0.89
50,15,0.28,0.14,0.18,0.3333333333333333,1.3,31.62,-48.83,0.648,47.26,-57.98,0.815
50,15,0.28,0.14,0.18,0.5,1.0,31.57,-48.83,0.647,46.11,-51.32,0.898
50,15,0.28,0.14,0.18,0.5,1.3,31.63,-48.83,0.648,47.69,-57.98,0.823
50,15,0.28,0.14,0.18,0.6666666666666666,1.0,31.88,-48.83,0.653,46.4,-51.32,0.904
50,15,0.28,0.14,0.18,0.6666666666666666,1.3,31.94,-48.83,0.654,47.98,-57.98,0.828
50,15,0.32,0.1,0.14,0.3333333333333333,1.0,29.81,-52.57,0.567,44.68,-43.74,1.021
50,15,0.32,0.1,0.14,0.3333333333333333,1.3,29.33,-52.57,0.558,47.5,-43.74,1.086
50,15,0.32,0.1,0.14,0.5,1.0,29.95,-50.58,0.592,44.64,-43.74,1.02
50,15,0.32,0.1,0.14,0.5,1.3,29.48,-50.58,0.583,47.45,-43.74,1.085
50,15,0.32,0.1,0.14,0.6666666666666666,1.0,29.54,-51.16,0.577,44.85,-43.74,1.025
50,15,0.32,0.1,0.14,0.6666666666666666,1.3,29.07,-51.16,0.568,47.67,-43.74,1.09
50,15,0.32,0.1,0.16,0.3333333333333333,1.0,31.59,-52.57,0.601,46.74,-45.52,1.027
50,15,0.32,0.1,0.16,0.3333333333333333,1.3,31.9,-52.57,0.607,49.26,-48.11,1.024
50,15,0.32,0.1,0.16,0.5,1.0,31.74,-50.58,0.628,46.69,-45.52,1.026
50,15,0.32,0.1,0.16,0.5,1.3,32.05,-50.58,0.634,49.22,-48.11,1.023
50,15,0.32,0.1,0.16,0.6666666666666666,1.0,31.32,-51.16,0.612,46.91,-45.52,1.031
50,15,0.32,0.1,0.16,0.6666666666666666,1.3,31.63,-51.16,0.618,49.44,-48.11,1.028
50,15,0.32,0.1,0.18,0.3333333333333333,1.0,31.27,-52.57,0.595,45.4,-51.32,0.885
50,15,0.32,0.1,0.18,0.3333333333333333,1.3,31.33,-52.57,0.596,46.98,-57.98,0.81
50,15,0.32,0.1,0.18,0.5,1.0,31.42,-50.58,0.621,45.36,-51.32,0.884
50,15,0.32,0.1,0.18,0.5,1.3,31.48,-50.58,0.622,46.93,-57.98,0.81
50,15,0.32,0.1,0.18,0.6666666666666666,1.0,31.0,-51.16,0.606,45.58,-51.32,0.888
50,15,0.32,0.1,0.18,0.6666666666666666,1.3,31.06,-51.16,0.607,47.15,-57.98,0.813
50,15,0.32,0.14,0.14,0.3333333333333333,1.0,29.13,-53.65,0.543,44.38,-43.74,1.015
50,15,0.32,0.14,0.14,0.3333333333333333,1.3,28.66,-53.65,0.534,47.2,-43.74,1.079
50,15,0.32,0.14,0.14,0.5,1.0,29.17,-53.09,0.549,44.58,-43.74,1.019
50,15,0.32,0.14,0.14,0.5,1.3,28.7,-53.09,0.541,47.4,-43.74,1.084
50,15,0.32,0.14,0.14,0.6666666666666666,1.0,28.97,-54.79,0.529,44.54,-43.74,1.018
50,15,0.32,0.14,0.14,0.6666666666666666,1.3,28.5,-54.79,0.52,47.36,-43.74,1.083
50,15,0.32,0.14,0.16,0.3333333333333333,1.0,30.91,-53.65,0.576,46.44,-45.52,1.02
50,15,0.32,0.14,0.16,0.3333333333333333,1.3,31.22,-53.65,0.582,48.96,-48.11,1.018
50,15,0.32,0.14,0.16,0.5,1.0,30.95,-53.09,0.583,46.64,-45.52,1.025
50,15,0.32,0.14,0.16,0.5,1.3,31.25,-53.09,0.589,49.16,-48.11,1.022
50,15,0.32,0.14,0.16,0.6666666666666666,1.0,30.75,-54.79,0.561,46.6,-45.52,1.024
50,15,0.32,0.14,0.16,0.6666666666666666,1.3,31.05,-54.79,0.567,49.12,-48.11,1.021
50,15,0.32,0.14,0.18,0.3333333333333333,1.0,30.6,-53.65,0.57,45.11,-51.32,0.879
50,15,0.32,0.14,0.18,0.3333333333333333,1.3,30.65,-53.65,0.571,46.68,-57.98,0.805
50,15,0.32,0.14,0.18,0.5,1.0,30.63,-53.09,0.577,45.31,-51.32,0.883
50,15,0.32,0.14,0.18,0.5,1.3,30.69,-53.09,0.578,46.88,-57.98,0.809
50,15,0.32,0.14,0.18,0.6666666666666666,1.0,30.43,-54.79,0.555,45.27,-51.32,0.882
50,15,0.32,0.14,0.18,0.6666666666666666,1.3,30.49,-54.79,0.556,46.84,-57.98,0.808
50,21,0.24,0.1,0.14,0.3333333333333333,1.0,30.41,-48.39,0.628,41.22,-42.99,0.959
50,21,0.24,0.1,0.14,0.3333333333333333,1.3,29.93,-48.39,0.618,43.97,-42.99,1.023
50,21,0.24,0.1,0.14,0.5,1.0,31.89,-48.39,0.659,41.54,-42.99,0.966
50,21,0.24,0.1,0.14,0.5,1.3,31.41,-48.39,0.649,44.3,-42.99,1.03
50,21,0.24,0.1,0.14,0.6666666666666666,1.0,31.94,-49.73,0.642,42.13,-42.99,0.98
50,21,0.24,0.1,0.14,0.6666666666666666,1.3,31.46,-49.73,0.633,44.9,-42.99,1.045
50,21,0.24,0.1,0.16,0.3333333333333333,1.0,32.31,-48.39,0.668,43.7,-43.85,0.997
50,21,0.24,0.1,0.16,0.3333333333333333,1.3,32.62,-48.39,0.674,46.18,-46.52,0.993
50,21,0.24,0.1,0.16,0.5,1.0,33.82,-48.39,0.699,44.03,-43.85,1.004
50,21,0.24,0.1,0.16,0.5,1.3,34.13,-48.39,0.705,46.51,-46.52,1.0
50,21,0.24,0.1,0.16,0.6666666666666666,1.0,33.86,-49.73,0.681,44.63,-43.85,1.018
50,21,0.24,0.1,0.16,0.6666666666666666,1.3,34.18,-49.73,0.687,47.12,-46.52,1.013
50,21,0.24,0.1,0.18,0.3333333333333333,1.0,31.99,-48.39,0.661,42.77,-49.92,0.857
50,21,0.24,0.1,0.18,0.3333333333333333,1.3,32.05,-48.39,0.662,44.31,-56.77,0.781
50,21,0.24,0.1,0.18,0.5,1.0,33.49,-48.39,0.692,43.09,-49.92,0.863
50,21,0.24,0.1,0.18,0.5,1.3,33.55,-48.39,0.693,44.64,-56.77,0.786
50,21,0.24,0.1,0.18,0.6666666666666666,1.0,33.54,-49.73,0.674,43.69,-49.92,0.875
50,21,0.24,0.1,0.18,0.6666666666666666,1.3,33.6,-49.73,0.676,45.24,-56.77,0.797
50,21,0.24,0.14,0.14,0.3333333333333333,1.0,29.86,-48.39,0.617,40.68,-42.99,0.946
50,21,0.24,0.14,0.14,0.3333333333333333,1.3,29.39,-48.39,0.607,43.42,-42.99,1.01
50,21,0.24,0.14,0.14,0.5,1.0,30.47,-48.39,0.63,41.21,-42.99,0.959
50,21,0.24,0.14,0.14,0.5,1.3,30.0,-48.39,0.62,43.96,-42.99,1.023
50,21,0.24,0.14,0.14,0.6666666666666666,1.0,30.92,-48.39,0.639,41.67,-42.99,0.969
50,21,0.24,0.14,0.14,0.6666666666666666,1.3,30.44,-48.39,0.629,44.43,-42.99,1.033
50,21,0.24,0.14,0.16,0.3333333333333333,1.0,31.75,-48.39,0.656,43.15,-43.85,0.984
50,21,0.24,0.14,0.16,0.3333333333333333,1.3,32.07,-48.39,0.663,45.62,-46.52,0.981
50,21,0.24,0.14,0.16,0.5,1.0,32.38,-48.39,0.669,43.69,-43.85,0.996
50,21,0.24,0.14,0.16,0.5,1.3,32.69,-48.39,0.675,46.17,-46.52,0.992
50,21,0.24,0.14,0.16,0.6666666666666666,1.0,32.83,-48.39,0.678,44.16,-43.85,1.007
50,21,0.24,0.14,0.16,0.6666666666666666,1.3,33.14,-48.39,0.685,46.64,-46.52,1.003
50,21,0.24,0.14,0.18,0.3333333333333333,1.0,31.44,-48.39,0.65,42.23,-49.92,0.846
50,21,0.24,0.14,0.18,0.3333333333333333,1.3,31.49,-48.39,0.651,43.76,-56.77,0.771
50,21,0.24,0.14,0.18,0.5,1.0,32.06,-48.39,0.662,42.76,-49.92,0.857
50,21,0.24,0.14,0.18,0.5,1.3,32.12,-48.39,0.664,44.3,-56.77,0.78
50,21,0.24,0.14,0.18,0.6666666666666666,1.0,32.5,-48.39,0.672,43.22,-49.92,0.866
50,21,0.24,0.14,0.18,0.6666666666666666,1.3,32.56,-48.39,0.673,44.77,-56.77,0.789
50,21,0.28,0.1,0.14,0.3333333333333333,1.0,29.55,-48.39,0.611,40.55,-42.99,0.943
50,21,0.28,0.1,0.14,0.3333333333333333,1.3,29.07,-48.39,0.601,43.28,-42.99,1.007
50,21,0.28,0.1,0.14,0.5,1.0,29.81,-48.39,0.616,40.28,-42.99,0.937
50,21,0.28,0.1,0.14,0.5,1.3,29.33,-48.39,0.606,43.01,-42.99,1.001
50,21,0.28,0.1,0.14,0.6666666666666666,1.0,30.09,-48.39,0.622,40.96,-42.99,0.953
50,21,0.28,0.1,0.14,0.6666666666666666,1.3,29.61,-48.39,0.612,43.7,-42.99,1.017
50,21,0.28,0.1,0.16,0.3333333333333333,1.0,31.44,-48.39,0.65,43.01,-43.85,0.981
50,21,0.28,0.1,0.16,0.3333333333333333,1.3,31.74,-48.39,0.656,45.48,-46.52,0.978
50,21,0.28,0.1,0.16,0.5,1.0,31.7,-48.39,0.655,42.75,-43.85,0.975
50,21,0.28,0.1,0.16,0.5,1.3,32.01,-48.39,0.661,45.2,-46.52,0.972
50,21,0.28,0.1,0.16,0.6666666666666666,1.0,31.98,-48.39,0.661,43.43,-43.85,0.99
50,21,0.28,0.1,0.16,0.6666666666666666,1.3,32.29,-48.39,0.667,45.9,-46.52,0.987
50,21,0.28,0.1,0.18,0.3333333333333333,1.0,31.12,-48.39,0.643,42.09,-49.92,0.843
50,21,0.28,0.1,0.18,0.3333333333333333,1.3,31.18,-48.39,0.644,43.62,-56.77,0.768
50,21,0.28,0.1,0.18,0.5,1.0,31.38,-48.39,0.648,41.82,-49.92,0.838
50,21,0.28,0.1,0.18,0.5,1.3,31.44,-48.39,0.65,43.35,-56.77,0.764
50,21,0.28,0.1,0.18,0.6666666666666666,1.0,31.66,-48.39,0.654,42.5,-49.92,0.851
50,21,0.28,0.1,0.18,0.6666666666666666,1.3,31.72,-48.39,0.656,44.04,-56.77,0.776
50,21,0.28,0.14,0.14,0.3333333333333333,1.0,28.1,-51.95,0.541,39.88,-43.51,0.917
50,21,0.28,0.14,0.14,0.3333333333333333,1.3,27.64,-51.95,0.532,42.61,-43.51,0.979
50,21,0.28,0.14,0.14,0.5,1.0,27.94,-53.92,0.518,40.25,-43.51,0.925
50,21,0.28,0.14,0.14,0.5,1.3,27.47,-53.92,0.51,42.98,-43.51,0.988
50,21,0.28,0.14,0.14,0.6666666666666666,1.0,28.43,-52.05,0.546,40.59,-43.51,0.933
50,21,0.28,0.14,0.14,0.6666666666666666,1.3,27.96,-52.05,0.537,43.32,-43.51,0.996
50,21,0.28,0.14,0.16,0.3333333333333333,1.0,29.97,-51.95,0.577,42.34,-43.85,0.966
50,21,0.28,0.14,0.16,0.3333333333333333,1.3,30.28,-51.95,0.583,44.79,-46.52,0.963
50,21,0.28,0.14,0.16,0.5,1.0,29.8,-53.92,0.553,42.71,-43.85,0.974
50,21,0.28,0.14,0.16,0.5,1.3,30.11,-53.92,0.558,45.16,-46.52,0.971
50,21,0.28,0.14,0.16,0.6666666666666666,1.0,30.3,-52.05,0.582,43.06,-43.85,0.982
50,21,0.28,0.14,0.16,0.6666666666666666,1.3,30.61,-52.05,0.588,45.52,-46.52,0.978
50,21,0.28,0.14,0.18,0.3333333333333333,1.0,29.66,-51.95,0.571,41.42,-49.92,0.83
50,21,0.28,0.14,0.18,0.3333333333333333,1.3,29.72,-51.95,0.572,42.95,-56.77,0.756
50,21,0.28,0.14,0.18,0.5,1.0,29.49,-53.92,0.547,41.78,-49.92,0.837
50,21,0.28,0.14,0.18,0.5,1.3,29.55,-53.92,0.548,43.31,-56.77,0.763
50,21,0.28,0.14,0.18,0.6666666666666666,1.0,29.99,-52.05,0.576,42.13,-49.92,0.844
50,21,0.28,0.14,0.18,0.6666666666666666,1.3,30.05,-52.05,0.577,43.66,-56.77,0.769
50,21,0.32,0.1,0.14,0.3333333333333333,1.0,26.91,-60.91,0.442,39.2,-47.79,0.82
50,21,0.32,0.1,0.14,0.3333333333333333,1.3,26.45,-60.91,0.434,41.91,-47.79,0.877
50,21,0.32,0.1,0.14,0.5,1.0,26.94,-60.01,0.449,39.21,-47.79,0.82
50,21,0.32,0.1,0.14,0.5,1.3,26.48,-60.01,0.441,41.92,-47.79,0.877
50,21,0.32,0.1,0.14,0.6666666666666666,1.0,26.68,-59.01,0.452,39.37,-47.79,0.824
50,21,0.32,0.1,0.14,0.6666666666666666,1.3,26.22,-59.01,0.444,42.09,-47.79,0.881
50,21,0.32,0.1,0.16,0.3333333333333333,1.0,28.77,-60.91,0.472,41.64,-47.79,0.871
50,21,0.32,0.1,0.16,0.3333333333333333,1.3,29.07,-60.91,0.477,44.08,-47.79,0.922
50,21,0.32,0.1,0.16,0.5,1.0,28.79,-60.01,0.48,41.65,-47.79,0.872
50,21,0.32,0.1,0.16,0.5,1.3,29.09,-60.01,0.485,44.09,-47.79,0.923
50,21,0.32,0.1,0.16,0.6666666666666666,1.0,28.53,-59.01,0.484,41.82,-47.79,0.875
50,21,0.32,0.1,0.16,0.6666666666666666,1.3,28.83,-59.01,0.489,44.26,-47.79,0.926
50,21,0.32,0.1,0.18,0.3333333333333333,1.0,28.45,-60.91,0.467,40.72,-49.92,0.816
50,21,0.32,0.1,0.18,0.3333333333333333,1.3,28.51,-60.91,0.468,42.25,-56.77,0.744
50,21,0.32,0.1,0.18,0.5,1.0,28.48,-60.01,0.475,40.73,-49.92,0.816
50,21,0.32,0.1,0.18,0.5,1.3,28.54,-60.01,0.476,42.25,-56.77,0.744
50,21,0.32,0.1,0.18,0.6666666666666666,1.0,28.22,-59.01,0.478,40.9,-49.92,0.819
50,21,0.32,0.1,0.18,0.6666666666666666,1.3,28.28,-59.01,0.479,42.42,-56.77,0.747
50,21,0.32,0.14,0.14,0.3333333333333333,1.0,25.71,-63.65,0.404,39.01,-47.79,0.816
50,21,0.32,0.14,0.14,0.3333333333333333,1.3,25.25,-63.65,0.397,41.72,-47.79,0.873
50,21,0.32,0.14,0.14,0.5,1.0,26.07,-62.18,0.419,39.18,-47.79,0.82
50,21,0.32,0.14,0.14,0.5,1.3,25.61,-62.18,0.412,41.89,-47.79,0.877
50,21,0.32,0.14,0.14,0.6666666666666666,1.0,25.55,-63.5,0.402,39.17,-47.79,0.82
50,21,0.32,0.14,0.14,0.6666666666666666,1.3,25.09,-63.5,0.395,41.88,-47.79,0.876
50,21,0.32,0.14,0.16,0.3333333333333333,1.0,27.55,-63.65,0.433,41.45,-47.79,0.867
50,21,0.32,0.14,0.16,0.3333333333333333,1.3,27.85,-63.65,0.437,43.89,-47.79,0.918
50,21,0.32,0.14,0.16,0.5,1.0,27.9,-62.18,0.449,41.63,-47.79,0.871
50,21,0.32,0.14,0.16,0.5,1.3,28.21,-62.18,0.454,44.06,-47.79,0.922
50,21,0.32,0.14,0.16,0.6666666666666666,1.0,27.38,-63.5,0.431,41.61,-47.79,0.871
50,21,0.32,0.14,0.16,0.6666666666666666,1.3,27.68,-63.5,0.436,44.05,-47.79,0.922
50,21,0.32,0.14,0.18,0.3333333333333333,1.0,27.24,-63.65,0.428,40.54,-49.92,0.812
50,21,0.32,0.14,0.18,0.3333333333333333,1.3,27.29,-63.65,0.429,42.06,-56.77,0.741
50,21,0.32,0.14,0.18,0.5,1.0,27.59,-62.18,0.444,40.71,-49.92,0.815
50,21,0.32,0.14,0.18,0.5,1.3,27.65,-62.18,0.445,42.23,-56.77,0.744
50,21,0.32,0.14,0.18,0.6666666666666666,1.0,27.07,-63.5,0.426,40.69,-49.92,0.815
50,21,0.32,0.14,0.18,0.6666666666666666,1.3,27.13,-63.5,0.427,42.21,-56.77,0.744
60,10,0.24,0.1,0.14,0.3333333333333333,1.0,30.28,-52.15,0.581,41.46,-44.9,0.923
60,10,0.24,0.1,0.14,0.3333333333333333,1.3,29.8,-52.15,0.572,44.21,-44.9,0.985
60,10,0.24,0.1,0.14,0.5,1.0,31.53,-50.14,0.629,41.81,-44.9,0.931
60,10,0.24,0.1,0.14,0.5,1.3,31.05,-50.14,0.619,44.57,-44.9,0.993
60,10,0.24,0.1,0.14,0.6666666666666666,1.0,31.82,-49.73,0.64,42.37,-44.9,0.944
60,10,0.24,0.1,0.14,0.6666666666666666,1.3,31.34,-49.73,0.63,45.15,-44.9,1.005
60,10,0.24,0.1,0.16,0.3333333333333333,1.0,32.33,-52.15,0.62,43.57,-45.74,0.953
60,10,0.24,0.1,0.16,0.3333333333333333,1.3,32.64,-52.15,0.626,46.04,-48.32,0.953
60,10,0.24,0.1,0.16,0.5,1.0,33.6,-50.14,0.67,43.92,-45.74,0.96
60,10,0.24,0.1,0.16,0.5,1.3,33.92,-50.14,0.676,46.4,-48.32,0.96
60,10,0.24,0.1,0.16,0.6666666666666666,1.0,33.9,-49.73,0.682,44.5,-45.74,0.973
60,10,0.24,0.1,0.16,0.6666666666666666,1.3,34.21,-49.73,0.688,46.98,-48.32,0.972
60,10,0.24,0.1,0.18,0.3333333333333333,1.0,32.08,-52.15,0.615,42.67,-51.52,0.828
60,10,0.24,0.1,0.18,0.3333333333333333,1.3,32.14,-52.15,0.616,44.21,-58.14,0.76
60,10,0.24,0.1,0.18,0.5,1.0,33.35,-50.14,0.665,43.02,-51.52,0.835
60,10,0.24,0.1,0.18,0.5,1.3,33.41,-50.14,0.666,44.56,-58.14,0.766
60,10,0.24,0.1,0.18,0.6666666666666666,1.0,33.65,-49.73,0.677,43.59,-51.52,0.846
60,10,0.24,0.1,0.18,0.6666666666666666,1.3,33.7,-49.73,0.678,45.14,-58.14,0.776
60,10,0.24,0.14,0.14,0.3333333333333333,1.0,30.17,-52.31,0.577,40.55,-44.9,0.903
60,10,0.24,0.14,0.14,0.3333333333333333,1.3,29.69,-52.31,0.568,43.29,-44.9,0.964
60,10,0.24,0.14,0.14,0.5,1.0,30.32,-52.33,0.58,40.95,-44.9,0.912
60,10,0.24,0.14,0.14,0.5,1.3,29.85,-52.33,0.57,43.7,-44.9,0.973
60,10,0.24,0.14,0.14,0.6666666666666666,1.0,31.3,-50.38,0.621,41.57,-44.9,0.926
60,10,0.24,0.14,0.14,0.6666666666666666,1.3,30.82,-50.38,0.612,44.32,-44.9,0.987
60,10,0.24,0.14,0.16,0.3333333333333333,1.0,32.22,-52.31,0.616,42.65,-45.74,0.932
60,10,0.24,0.14,0.16,0.3333333333333333,1.3,32.53,-52.31,0.622,45.1,-48.32,0.933
60,10,0.24,0.14,0.16,0.5,1.0,32.38,-52.33,0.619,43.05,-45.74,0.941
60,10,0.24,0.14,0.16,0.5,1.3,32.69,-52.33,0.625,45.51,-48.32,0.942
60,10,0.24,0.14,0.16,0.6666666666666666,1.0,33.37,-50.38,0.662,43.68,-45.74,0.955
60,10,0.24,0.14,0.16,0.6666666666666666,1.3,33.68,-50.38,0.669,46.15,-48.32,0.955
60,10,0.24,0.14,0.18,0.3333333333333333,1.0,31.97,-52.31,0.611,41.75,-51.52,0.81
60,10,0.24,0.14,0.18,0.3333333333333333,1.3,32.03,-52.31,0.612,43.28,-58.14,0.744
60,10,0.24,0.14,0.18,0.5,1.0,32.13,-52.33,0.614,42.15,-51.52,0.818
60,10,0.24,0.14,0.18,0.5,1.3,32.19,-52.33,0.615,43.69,-58.14,0.751
60,10,0.24,0.14,0.18,0.6666666666666666,1.0,33.12,-50.38,0.657,42.78,-51.52,0.83
60,10,0.24,0.14,0.18,0.6666666666666666,1.3,33.17,-50.38,0.658,44.32,-58.14,0.762
60,10,0.28,0.1,0.14,0.3333333333333333,1.0,30.0,-52.33,0.573,39.95,-45.45,0.879
60,10,0.28,0.1,0.14,0.3333333333333333,1.3,29.53,-52.33,0.564,42.68,-45.45,0.939
60,10,0.28,0.1,0.14,0.5,1.0,30.36,-52.33,0.58,39.83,-45.45,0.876
60,10,0.28,0.1,0.14,0.5,1.3,29.88,-52.33,0.571,42.55,-45.45,0.936
60,10,0.28,0.1,0.14,0.6666666666666666,1.0,30.71,-52.33,0.587,40.43,-45.45,0.89
60,10,0.28,0.1,0.14,0.6666666666666666,1.3,30.23,-52.33,0.578,43.17,-45.45,0.95
60,10,0.28,0.1,0.16,0.3333333333333333,1.0,32.05,-52.33,0.613,42.04,-45.74,0.919
60,10,0.28,0.1,0.16,0.3333333333333333,1.3,32.36,-52.33,0.618,44.48,-48.32,0.921
60,10,0.28,0.1,0.16,0.5,1.0,32.41,-52.33,0.619,41.91,-45.74,0.916
60,10,0.28,0.1,0.16,0.5,1.3,32.72,-52.33,0.625,44.35,-48.32,0.918
60,10,0.28,0.1,0.16,0.6666666666666666,1.0,32.77,-52.33,0.626,42.52,-45.74,0.93
60,10,0.28,0.1,0.16,0.6666666666666666,1.3,33.08,-52.33,0.632,44.98,-48.32,0.931
60,10,0.28,0.1,0.18,0.3333333333333333,1.0,31.8,-52.33,0.608,41.15,-51.52,0.799
60,10,0.28,0.1,0.18,0.3333333333333333,1.3,31.86,-52.33,0.609,42.67,-58.14,0.734
60,10,0.28,0.1,0.18,0.5,1.0,32.16,-52.33,0.615,41.02,-51.52,0.796
60,10,0.28,0.1,0.18,0.5,1.3,32.22,-52.33,0.616,42.54,-58.14,0.732
60,10,0.28,0.1,0.18,0.6666666666666666,1.0,32.52,-52.33,0.621,41.63,-51.52,0.808
60,10,0.28,0.1,0.18,0.6666666666666666,1.3,32.57,-52.33,0.623,43.16,-58.14,0.742
60,10,0.28,0.14,0.14,0.3333333333333333,1.0,28.91,-52.33,0.552,39.12,-46.69,0.838
60,10,0.28,0.14,0.14,0.3333333333333333,1.3,28.44,-52.33,0.544,41.83,-46.69,0.896
60,10,0.28,0.14,0.14,0.5,1.0,28.99,-52.33,0.554,39.98,-46.69,0.856
60,10,0.28,0.14,0.14,0.5,1.3,28.52,-52.33,0.545,42.71,-46.69,0.915
60,10,0.28,0.14,0.14,0.6666666666666666,1.0,29.32,-52.33,0.56,39.81,-46.69,0.853
60,10,0.28,0.14,0.14,0.6666666666666666,1.3,28.85,-52.33,0.551,42.53,-46.69,0.911
60,10,0.28,0.14,0.16,0.3333333333333333,1.0,30.94,-52.33,0.591,41.2,-46.69,0.882
60,10,0.28,0.14,0.16,0.3333333333333333,1.3,31.25,-52.33,0.597,43.63,-48.32,0.903
60,10,0.28,0.14,0.16,0.5,1.0,31.02,-52.33,0.593,42.07,-46.69,0.901
60,10,0.28,0.14,0.16,0.5,1.3,31.33,-52.33,0.599,44.51,-48.32,0.921
60,10,0.28,0.14,0.16,0.6666666666666666,1.0,31.36,-52.33,0.599,41.89,-46.69,0.897
60,10,0.28,0.14,0.16,0.6666666666666666,1.3,31.67,-52.33,0.605,44.34,-48.32,0.918
60,10,0.28,0.14,0.18,0.3333333333333333,1.0,30.69,-52.33,0.587,40.31,-51.52,0.783
60,10,0.28,0.14,0.18,0.3333333333333333,1.3,30.75,-52.33,0.588,41.83,-58.14,0.719
60,10,0.28,0.14,0.18,0.5,1.0,30.77,-52.33,0.588,41.18,-51.52,0.799
60,10,0.28,0.14,0.18,0.5,1.3,30.83,-52.33,0.589,42.7,-58.14,0.734
60,10,0.28,0.14,0.18,0.6666666666666666,1.0,31.11,-52.33,0.594,41.0,-51.52,0.796
60,10,0.28,0.14,0.18,0.6666666666666666,1.3,31.17,-52.33,0.596,42.53,-58.14,0.731
60,10,0.32,0.1,0.14,0.3333333333333333,1.0,28.11,-52.33,0.537,38.44,-51.25,0.75
60,10,0.32,0.1,0.14,0.3333333333333333,1.3,27.64,-52.33,0.528,41.14,-51.25,0.803
60,10,0.32,0.1,0.14,0.5,1.0,28.21,-52.33,0.539,38.69,-51.25,0.755
60,10,0.32,0.1,0.14,0.5,1.3,27.74,-52.33,0.53,41.4,-51.25,0.808
60,10,0.32,0.1,0.14,0.6666666666666666,1.0,27.78,-52.33,0.531,38.56,-51.25,0.752
60,10,0.32,0.1,0.14,0.6666666666666666,1.3,27.31,-52.33,0.522,41.26,-51.25,0.805
60,10,0.32,0.1,0.16,0.3333333333333333,1.0,30.13,-52.33,0.576,40.51,-51.25,0.79
60,10,0.32,0.1,0.16,0.3333333333333333,1.3,30.44,-52.33,0.582,42.92,-51.25,0.838
60,10,0.32,0.1,0.16,0.5,1.0,30.23,-52.33,0.578,40.76,-51.25,0.795
60,10,0.32,0.1,0.16,0.5,1.3,30.54,-52.33,0.584,43.19,-51.25,0.843
60,10,0.32,0.1,0.16,0.6666666666666666,1.0,29.79,-52.33,0.569,40.62,-51.25,0.793
60,10,0.32,0.1,0.16,0.6666666666666666,1.3,30.1,-52.33,0.575,43.04,-51.25,0.84
60,10,0.32,0.1,0.18,0.3333333333333333,1.0,29.88,-52.33,0.571,39.62,-51.52,0.769
60,10,0.32,0.1,0.18,0.3333333333333333,1.3,29.94,-52.33,0.572,41.13,-58.14,0.707
60,10,0.32,0.1,0.18,0.5,1.0,29.99,-52.33,0.573,39.88,-51.52,0.774
60,10,0.32,0.1,0.18,0.5,1.3,30.04,-52.33,0.574,41.39,-58.14,0.712
60,10,0.32,0.1,0.18,0.6666666666666666,1.0,29.55,-52.33,0.565,39.74,-51.52,0.771
60,10,0.32,0.1,0.18,0.6666666666666666,1.3,29.61,-52.33,0.566,41.25,-58.14,0.709
60,10,0.32,0.14,0.14,0.3333333333333333,1.0,26.97,-55.21,0.488,38.33,-51.25,0.748
60,10,0.32,0.14,0.14,0.3333333333333333,1.3,26.51,-55.21,0.48,41.02,-51.25,0.8
60,10,0.32,0.14,0.14,0.5,1.0,27.14,-52.33,0.519,38.26,-51.25,0.747
60,10,0.32,0.14,0.14,0.5,1.3,26.68,-52.33,0.51,40.96,-51.25,0.799
60,10,0.32,0.14,0.14,0.6666666666666666,1.0,26.84,-55.92,0.48,38.55,-51.25,0.752
60,10,0.32,0.14,0.14,0.6666666666666666,1.3,26.38,-55.92,0.472,41.25,-51.25,0.805
60,10,0.32,0.14,0.16,0.3333333333333333,1.0,28.97,-55.21,0.525,40.39,-51.25,0.788
60,10,0.32,0.14,0.16,0.3333333333333333,1.3,29.28,-55.21,0.53,42.8,-51.25,0.835
60,10,0.32,0.14,0.16,0.5,1.0,29.15,-52.33,0.557,40.33,-51.25,0.787
60,10,0.32,0.14,0.16,0.5,1.3,29.45,-52.33,0.563,42.74,-51.25,0.834
60,10,0.32,0.14,0.16,0.6666666666666666,1.0,28.84,-55.92,0.516,40.62,-51.25,0.793
60,10,0.32,0.14,0.16,0.6666666666666666,1.3,29.15,-55.92,0.521,43.04,-51.25,0.84
60,10,0.32,0.14,0.18,0.3333333333333333,1.0,28.73,-55.21,0.52,39.51,-51.52,0.767
60,10,0.32,0.14,0.18,0.3333333333333333,1.3,28.78,-55.21,0.521,41.01,-58.14,0.705
60,10,0.32,0.14,0.18,0.5,1.0,28.9,-52.33,0.552,39.44,-51.52,0.766
60,10,0.32,0.14,0.18,0.5,1.3,28.96,-52.33,0.553,40.95,-58.14,0.704
60,10,0.32,0.14,0.18,0.6666666666666666,1.0,28.6,-55.92,0.511,39.74,-51.52,0.771
60,10,0.32,0.14,0.18,0.6666666666666666,1.3,28.66,-55.92,0.512,41.25,-58.14,0.709
60,15,0.24,0.1,0.14,0.3333333333333333,1.0,30.44,-50.43,0.603,42.52,-39.61,1.074
60,15,0.24,0.1,0.14,0.3333333333333333,1.3,29.96,-50.43,0.594,45.3,-39.61,1.144
60,15,0.24,0.1,0.14,0.5,1.0,31.76,-48.35,0.657,42.98,-39.61,1.085
60,15,0.24,0.1,0.14,0.5,1.3,31.28,-48.35,0.647,45.77,-39.61,1.156
60,15,0.24,0.1,0.14,0.6666666666666666,1.0,31.99,-49.73,0.643,43.45,-39.61,1.097
60,15,0.24,0.1,0.14,0.6666666666666666,1.3,31.51,-49.73,0.634,46.24,-39.61,1.167
60,15,0.24,0.1,0.16,0.3333333333333333,1.0,32.27,-50.43,0.64,44.63,-41.52,1.075
60,15,0.24,0.1,0.16,0.3333333333333333,1.3,32.58,-50.43,0.646,47.12,-44.29,1.064
60,15,0.24,0.1,0.16,0.5,1.0,33.61,-48.35,0.695,45.09,-41.52,1.086
60,15,0.24,0.1,0.16,0.5,1.3,33.93,-48.35,0.702,47.59,-44.29,1.074
60,15,0.24,0.1,0.16,0.6666666666666666,1.0,33.85,-49.73,0.681,45.56,-41.52,1.098
60,15,0.24,0.1,0.16,0.6666666666666666,1.3,34.16,-49.73,0.687,48.07,-44.29,1.085
60,15,0.24,0.1,0.18,0.3333333333333333,1.0,31.95,-50.43,0.633,43.57,-47.74,0.913
60,15,0.24,0.1,0.18,0.3333333333333333,1.3,32.01,-50.43,0.635,45.12,-54.89,0.822
60,15,0.24,0.1,0.18,0.5,1.0,33.29,-48.35,0.688,44.03,-47.74,0.922
60,15,0.24,0.1,0.18,0.5,1.3,33.35,-48.35,0.69,45.59,-54.89,0.831
60,15,0.24,0.1,0.18,0.6666666666666666,1.0,33.52,-49.73,0.674,44.5,-47.74,0.932
60,15,0.24,0.1,0.18,0.6666666666666666,1.3,33.58,-49.73,0.675,46.06,-54.89,0.839
60,15,0.24,0.14,0.14,0.3333333333333333,1.0,30.2,-50.61,0.597,42.07,-39.61,1.062
60,15,0.24,0.14,0.14,0.3333333333333333,1.3,29.73,-50.61,0.587,44.84,-39.61,1.132
60,15,0.24,0.14,0.14,0.5,1.0,30.77,-50.62,0.608,42.51,-39.61,1.073
60,15,0.24,0.14,0.14,0.5,1.3,30.29,-50.62,0.598,45.29,-39.61,1.143
60,15,0.24,0.14,0.14,0.6666666666666666,1.0,31.3,-48.61,0.644,43.07,-39.61,1.088
60,15,0.24,0.14,0.14,0.6666666666666666,1.3,30.82,-48.61,0.634,45.86,-39.61,1.158
60,15,0.24,0.14,0.16,0.3333333333333333,1.0,32.03,-50.61,0.633,44.17,-41.52,1.064
60,15,0.24,0.14,0.16,0.3333333333333333,1.3,32.34,-50.61,0.639,46.65,-44.29,1.053
60,15,0.24,0.14,0.16,0.5,1.0,32.6,-50.62,0.644,44.62,-41.52,1.075
60,15,0.24,0.14,0.16,0.5,1.3,32.92,-50.62,0.65,47.11,-44.29,1.064
60,15,0.24,0.14,0.16,0.6666666666666666,1.0,33.14,-48.61,0.682,45.19,-41.52,1.088
60,15,0.24,0.14,0.16,0.6666666666666666,1.3,33.46,-48.61,0.688,47.69,-44.29,1.077
60,15,0.24,0.14,0.18,0.3333333333333333,1.0,31.71,-50.61,0.627,43.11,-47.74,0.903
60,15,0.24,0.14,0.18,0.3333333333333333,1.3,31.77,-50.61,0.628,44.66,-54.89,0.814
60,15,0.24,0.14,0.18,0.5,1.0,32.28,-50.62,0.638,43.56,-47.74,0.912
60,15,0.24,0.14,0.18,0.5,1.3,32.34,-50.62,0.639,45.11,-54.89,0.822
60,15,0.24,0.14,0.18,0.6666666666666666,1.0,32.82,-48.61,0.675,44.12,-47.74,0.924
60,15,0.24,0.14,0.18,0.6666666666666666,1.3,32.88,-48.61,0.676,45.68,-54.89,0.832
60,15,0.28,0.1,0.14,0.3333333333333333,1.0,30.43,-50.62,0.601,42.21,-39.61,1.066
60,15,0.28,0.1,0.14,0.3333333333333333,1.3,29.96,-50.62,0.592,44.98,-39.61,1.136
60,15,0.28,0.1,0.14,0.5,1.0,30.89,-50.62,0.61,41.99,-39.61,1.06
60,15,0.28,0.1,0.14,0.5,1.3,30.42,-50.62,0.601,44.76,-39.61,1.13
60,15,0.28,0.1,0.14,0.6666666666666666,1.0,30.96,-50.62,0.612,42.62,-39.61,1.076
60,15,0.28,0.1,0.14,0.6666666666666666,1.3,30.48,-50.62,0.602,45.39,-39.61,1.146
60,15,0.28,0.1,0.16,0.3333333333333333,1.0,32.27,-50.62,0.637,44.31,-41.52,1.067
60,15,0.28,0.1,0.16,0.3333333333333333,1.3,32.58,-50.62,0.644,46.79,-44.29,1.056
60,15,0.28,0.1,0.16,0.5,1.0,32.73,-50.62,0.647,44.09,-41.52,1.062
60,15,0.28,0.1,0.16,0.5,1.3,33.05,-50.62,0.653,46.57,-44.29,1.051
60,15,0.28,0.1,0.16,0.6666666666666666,1.0,32.8,-50.62,0.648,44.72,-41.52,1.077
60,15,0.28,0.1,0.16,0.6666666666666666,1.3,33.11,-50.62,0.654,47.21,-44.29,1.066
60,15,0.28,0.1,0.18,0.3333333333333333,1.0,31.95,-50.62,0.631,43.25,-47.74,0.906
60,15,0.28,0.1,0.18,0.3333333333333333,1.3,32.01,-50.62,0.632,44.8,-54.89,0.816
60,15,0.28,0.1,0.18,0.5,1.0,32.41,-50.62,0.64,43.03,-47.74,0.901
60,15,0.28,0.1,0.18,0.5,1.3,32.47,-50.62,0.641,44.58,-54.89,0.812
60,15,0.28,0.1,0.18,0.6666666666666666,1.0,32.48,-50.62,0.642,43.66,-47.74,0.915
60,15,0.28,0.1,0.18,0.6666666666666666,1.3,32.54,-50.62,0.643,45.22,-54.89,0.824
60,15,0.28,0.14,0.14,0.3333333333333333,1.0,30.07,-50.62,0.594,41.42,-39.91,1.038
60,15,0.28,0.14,0.14,0.3333333333333333,1.3,29.59,-50.62,0.585,44.17,-39.91,1.107
60,15,0.28,0.14,0.14,0.5,1.0,30.05,-50.62,0.594,41.96,-39.61,1.059
60,15,0.28,0.14,0.14,0.5,1.3,29.57,-50.62,0.584,44.72,-39.61,1.129
60,15,0.28,0.14,0.14,0.6666666666666666,1.0,30.38,-50.62,0.6,42.11,-39.61,1.063
60,15,0.28,0.14,0.14,0.6666666666666666,1.3,29.9,-50.62,0.591,44.88,-39.61,1.133
60,15,0.28,0.14,0.16,0.3333333333333333,1.0,31.9,-50.62,0.63,43.5,-41.52,1.048
60,15,0.28,0.14,0.16,0.3333333333333333,1.3,32.21,-50.62,0.636,45.97,-44.34,1.037
60,15,0.28,0.14,0.16,0.5,1.0,31.87,-50.62,0.63,44.06,-41.52,1.061
60,15,0.28,0.14,0.16,0.5,1.3,32.18,-50.62,0.636,46.54,-44.29,1.051
60,15,0.28,0.14,0.16,0.6666666666666666,1.0,32.21,-50.62,0.636,44.21,-41.52,1.065
60,15,0.28,0.14,0.16,0.6666666666666666,1.3,32.52,-50.62,0.642,46.69,-44.29,1.054
60,15,0.28,0.14,0.18,0.3333333333333333,1.0,31.58,-50.62,0.624,42.45,-47.74,0.889
60,15,0.28,0.14,0.18,0.3333333333333333,1.3,31.64,-50.62,0.625,43.99,-54.89,0.801
60,15,0.28,0.14,0.18,0.5,1.0,31.55,-50.62,0.623,43.0,-47.74,0.901
60,15,0.28,0.14,0.18,0.5,1.3,31.61,-50.62,0.625,44.55,-54.89,0.812
60,15,0.28,0.14,0.18,0.6666666666666666,1.0,31.89,-50.62,0.63,43.15,-47.74,0.904
60,15,0.28,0.14,0.18,0.6666666666666666,1.3,31.95,-50.62,0.631,44.7,-54.89,0.814
60,15,0.32,0.1,0.14,0.3333333333333333,1.0,29.84,-52.57,0.568,40.9,-41.58,0.984
60,15,0.32,0.1,0.14,0.3333333333333333,1.3,29.37,-52.57,0.559,43.64,-41.58,1.05
60,15,0.32,0.1,0.14,0.5,1.0,29.99,-50.62,0.592,40.92,-41.89,0.977
60,15,0.32,0.1,0.14,0.5,1.3,29.52,-50.62,0.583,43.66,-41.89,1.042
60,15,0.32,0.1,0.14,0.6666666666666666,1.0,29.58,-51.16,0.578,41.07,-41.89,0.98
60,15,0.32,0.1,0.14,0.6666666666666666,1.3,29.11,-51.16,0.569,43.81,-41.89,1.046
60,15,0.32,0.1,0.16,0.3333333333333333,1.0,31.67,-52.57,0.602,42.98,-41.58,1.034
60,15,0.32,0.1,0.16,0.3333333333333333,1.3,31.98,-52.57,0.608,45.44,-45.88,0.99
60,15,0.32,0.1,0.16,0.5,1.0,31.82,-50.62,0.629,43.0,-41.89,1.027
60,15,0.32,0.1,0.16,0.5,1.3,32.13,-50.62,0.635,45.46,-46.17,0.985
60,15,0.32,0.1,0.16,0.6666666666666666,1.0,31.4,-51.16,0.614,43.15,-41.89,1.03
60,15,0.32,0.1,0.16,0.6666666666666666,1.3,31.71,-51.16,0.62,45.61,-46.17,0.988
60,15,0.32,0.1,0.18,0.3333333333333333,1.0,31.35,-52.57,0.596,41.93,-47.74,0.878
60,15,0.32,0.1,0.18,0.3333333333333333,1.3,31.41,-52.57,0.598,43.47,-54.89,0.792
60,15,0.32,0.1,0.18,0.5,1.0,31.5,-50.62,0.622,41.95,-47.74,0.879
60,15,0.32,0.1,0.18,0.5,1.3,31.56,-50.62,0.623,43.49,-54.89,0.792
60,15,0.32,0.1,0.18,0.6666666666666666,1.0,31.08,-51.16,0.608,42.1,-47.74,0.882
60,15,0.32,0.1,0.18,0.6666666666666666,1.3,31.14,-51.16,0.609,43.64,-54.89,0.795
60,15,0.32,0.14,0.14,0.3333333333333333,1.0,29.51,-53.65,0.55,40.65,-42.23,0.963
60,15,0.32,0.14,0.14,0.3333333333333333,1.3,29.04,-53.65,0.541,43.39,-42.23,1.027
60,15,0.32,0.14,0.14,0.5,1.0,29.54,-53.09,0.556,40.73,-42.27,0.964
60,15,0.32,0.14,0.14,0.5,1.3,29.07,-53.09,0.548,43.47,-42.27,1.028
60,15,0.32,0.14,0.14,0.6666666666666666,1.0,29.34,-54.79,0.536,40.82,-41.89,0.975
60,15,0.32,0.14,0.14,0.6666666666666666,1.3,28.87,-54.79,0.527,43.56,-41.89,1.04
60,15,0.32,0.14,0.16,0.3333333333333333,1.0,31.33,-53.65,0.584,42.73,-42.23,1.012
60,15,0.32,0.14,0.16,0.3333333333333333,1.3,31.64,-53.65,0.59,45.18,-46.49,0.972
60,15,0.32,0.14,0.16,0.5,1.0,31.36,-53.09,0.591,42.81,-42.27,1.013
60,15,0.32,0.14,0.16,0.5,1.3,31.67,-53.09,0.597,45.26,-46.52,0.973
60,15,0.32,0.14,0.16,0.6666666666666666,1.0,31.16,-54.79,0.569,42.9,-41.89,1.024
60,15,0.32,0.14,0.16,0.6666666666666666,1.3,31.47,-54.79,0.574,45.36,-46.17,0.982
60,15,0.32,0.14,0.18,0.3333333333333333,1.0,31.01,-53.65,0.578,41.68,-47.74,0.873
60,15,0.32,0.14,0.18,0.3333333333333333,1.3,31.07,-53.65,0.579,43.21,-54.89,0.787
60,15,0.32,0.14,0.18,0.5,1.0,31.04,-53.09,0.585,41.76,-47.74,0.875
60,15,0.32,0.14,0.18,0.5,1.3,31.1,-53.09,0.586,43.29,-54.89,0.789
60,15,0.32,0.14,0.18,0.6666666666666666,1.0,30.84,-54.79,0.563,41.85,-47.74,0.877
60,15,0.32,0.14,0.18,0.6666666666666666,1.3,30.9,-54.79,0.564,43.38,-54.89,0.79
60,21,0.24,0.1,0.14,0.3333333333333333,1.0,31.54,-45.55,0.693,40.14,-38.28,1.049
60,21,0.24,0.1,0.14,0.3333333333333333,1.3,31.07,-45.55,0.682,42.87,-38.28,1.12
60,21,0.24,0.1,0.14,0.5,1.0,32.89,-45.16,0.728,40.59,-38.28,1.06
60,21,0.24,0.1,0.14,0.5,1.3,32.4,-45.16,0.718,43.33,-38.28,1.132
60,21,0.24,0.1,0.14,0.6666666666666666,1.0,33.1,-49.73,0.666,41.05,-39.61,1.036
60,21,0.24,0.1,0.14,0.6666666666666666,1.3,32.62,-49.73,0.656,43.8,-39.61,1.106
60,21,0.24,0.1,0.16,0.3333333333333333,1.0,33.46,-45.55,0.735,42.51,-39.21,1.084
60,21,0.24,0.1,0.16,0.3333333333333333,1.3,33.78,-45.55,0.742,44.96,-42.31,1.063
60,21,0.24,0.1,0.16,0.5,1.0,34.83,-45.16,0.771,42.97,-39.21,1.096
60,21,0.24,0.1,0.16,0.5,1.3,35.15,-45.16,0.778,45.43,-42.65,1.065
60,21,0.24,0.1,0.16,0.6666666666666666,1.0,35.04,-49.73,0.705,43.43,-39.61,1.096
60,21,0.24,0.1,0.16,0.6666666666666666,1.3,35.36,-49.73,0.711,45.9,-44.06,1.042
60,21,0.24,0.1,0.18,0.3333333333333333,1.0,33.14,-45.55,0.728,41.82,-45.79,0.913
60,21,0.24,0.1,0.18,0.3333333333333333,1.3,33.2,-45.55,0.729,43.36,-53.2,0.815
60,21,0.24,0.1,0.18,0.5,1.0,34.5,-45.16,0.764,42.28,-45.79,0.923
60,21,0.24,0.1,0.18,0.5,1.3,34.56,-45.16,0.765,43.82,-53.2,0.824
60,21,0.24,0.1,0.18,0.6666666666666666,1.0,34.72,-49.73,0.698,42.74,-45.79,0.933
60,21,0.24,0.1,0.18,0.6666666666666666,1.3,34.78,-49.73,0.699,44.28,-53.2,0.832
60,21,0.24,0.14,0.14,0.3333333333333333,1.0,31.06,-45.71,0.68,39.32,-40.67,0.967
60,21,0.24,0.14,0.14,0.3333333333333333,1.3,30.59,-45.71,0.669,42.03,-40.67,1.033
60,21,0.24,0.14,0.14,0.5,1.0,31.65,-45.73,0.692,39.77,-40.67,0.978
60,21,0.24,0.14,0.14,0.5,1.3,31.17,-45.73,0.682,42.49,-40.67,1.045
60,21,0.24,0.14,0.14,0.6666666666666666,1.0,32.1,-47.91,0.67,40.29,-40.67,0.991
60,21,0.24,0.14,0.14,0.6666666666666666,1.3,31.62,-47.91,0.66,43.03,-40.67,1.058
60,21,0.24,0.14,0.16,0.3333333333333333,1.0,32.98,-45.71,0.721,41.67,-40.67,1.025
60,21,0.24,0.14,0.16,0.3333333333333333,1.3,33.29,-45.71,0.728,44.11,-42.52,1.037
60,21,0.24,0.14,0.16,0.5,1.0,33.58,-45.73,0.734,42.13,-40.67,1.036
60,21,0.24,0.14,0.16,0.5,1.3,33.89,-45.73,0.741,44.57,-42.31,1.053
60,21,0.24,0.14,0.16,0.6666666666666666,1.0,34.03,-47.91,0.71,42.66,-40.67,1.049
60,21,0.24,0.14,0.16,0.6666666666666666,1.3,34.35,-47.91,0.717,45.12,-42.49,1.062
60,21,0.24,0.14,0.18,0.3333333333333333,1.0,32.65,-45.71,0.714,40.99,-45.79,0.895
60,21,0.24,0.14,0.18,0.3333333333333333,1.3,32.71,-45.71,0.716,42.51,-53.2,0.799
60,21,0.24,0.14,0.18,0.5,1.0,33.25,-45.73,0.727,41.44,-45.79,0.905
60,21,0.24,0.14,0.18,0.5,1.3,33.31,-45.73,0.728,42.97,-53.2,0.808
60,21,0.24,0.14,0.18,0.6666666666666666,1.0,33.71,-47.91,0.704,41.98,-45.79,0.917
60,21,0.24,0.14,0.18,0.6666666666666666,1.3,33.77,-47.91,0.705,43.51,-53.2,0.818
60,21,0.28,0.1,0.14,0.3333333333333333,1.0,30.93,-47.17,0.656,38.94,-44.96,0.866
60,21,0.28,0.1,0.14,0.3333333333333333,1.3,30.45,-47.17,0.646,41.64,-44.96,0.926
60,21,0.28,0.1,0.14,0.5,1.0,31.09,-47.17,0.659,38.73,-44.96,0.861
60,21,0.28,0.1,0.14,0.5,1.3,30.61,-47.17,0.649,41.43,-44.96,0.921
60,21,0.28,0.1,0.14,0.6666666666666666,1.0,31.46,-47.91,0.657,39.34,-44.96,0.875
60,21,0.28,0.1,0.14,0.6666666666666666,1.3,30.99,-47.91,0.647,42.05,-44.96,0.935
60,21,0.28,0.1,0.16,0.3333333333333333,1.0,32.84,-47.17,0.696,41.28,-44.96,0.918
60,21,0.28,0.1,0.16,0.3333333333333333,1.3,33.15,-47.17,0.703,43.71,-44.96,0.972
60,21,0.28,0.1,0.16,0.5,1.0,33.0,-47.17,0.7,41.07,-44.96,0.913
60,21,0.28,0.1,0.16,0.5,1.3,33.32,-47.17,0.706,43.5,-44.96,0.967
60,21,0.28,0.1,0.16,0.6666666666666666,1.0,33.38,-47.91,0.697,41.69,-44.96,0.927
60,21,0.28,0.1,0.16,0.6666666666666666,1.3,33.7,-47.91,0.703,44.13,-44.96,0.981
60,21,0.28,0.1,0.18,0.3333333333333333,1.0,32.52,-47.17,0.689,40.6,-45.79,0.887
60,21,0.28,0.1,0.18,0.3333333333333333,1.3,32.58,-47.17,0.691,42.12,-53.2,0.792
60,21,0.28,0.1,0.18,0.5,1.0,32.68,-47.17,0.693,40.39,-45.79,0.882
60,21,0.28,0.1,0.18,0.5,1.3,32.74,-47.17,0.694,41.91,-53.2,0.788
60,21,0.28,0.1,0.18,0.6666666666666666,1.0,33.06,-47.91,0.69,41.01,-45.79,0.896
60,21,0.28,0.1,0.18,0.6666666666666666,1.3,33.12,-47.91,0.691,42.53,-53.2,0.8
60,21,0.28,0.14,0.14,0.3333333333333333,1.0,29.55,-51.95,0.569,38.03,-46.67,0.815
60,21,0.28,0.14,0.14,0.3333333333333333,1.3,29.08,-51.95,0.56,40.71,-46.67,0.872
60,21,0.28,0.14,0.14,0.5,1.0,29.39,-53.92,0.545,38.56,-46.67,0.826
60,21,0.28,0.14,0.14,0.5,1.3,28.91,-53.92,0.536,41.25,-46.67,0.884
60,21,0.28,0.14,0.14,0.6666666666666666,1.0,29.86,-52.05,0.574,38.72,-46.67,0.83
60,21,0.28,0.14,0.14,0.6666666666666666,1.3,29.38,-52.05,0.565,41.42,-46.67,0.888
60,21,0.28,0.14,0.16,0.3333333333333333,1.0,31.44,-51.95,0.605,40.36,-46.67,0.865
60,21,0.28,0.14,0.16,0.3333333333333333,1.3,31.75,-51.95,0.611,42.77,-46.67,0.917
60,21,0.28,0.14,0.16,0.5,1.0,31.28,-53.92,0.58,40.9,-46.67,0.876
60,21,0.28,0.14,0.16,0.5,1.3,31.58,-53.92,0.586,43.32,-46.67,0.928
60,21,0.28,0.14,0.16,0.6666666666666666,1.0,31.75,-52.05,0.61,41.06,-46.67,0.88
60,21,0.28,0.14,0.16,0.6666666666666666,1.3,32.06,-52.05,0.616,43.49,-46.67,0.932
60,21,0.28,0.14,0.18,0.3333333333333333,1.0,31.12,-51.95,0.599,39.68,-45.79,0.867
60,21,0.28,0.14,0.18,0.3333333333333333,1.3,31.18,-51.95,0.6,41.19,-53.2,0.774
60,21,0.28,0.14,0.18,0.5,1.0,30.96,-53.92,0.574,40.22,-45.79,0.878
60,21,0.28,0.14,0.18,0.5,1.3,31.02,-53.92,0.575,41.73,-53.2,0.784
60,21,0.28,0.14,0.18,0.6666666666666666,1.0,31.43,-52.05,0.604,40.38,-45.79,0.882
60,21,0.28,0.14,0.18,0.6666666666666666,1.3,31.49,-52.05,0.605,41.9,-53.2,0.788
60,21,0.32,0.1,0.14,0.3333333333333333,1.0,28.53,-60.91,0.468,37.08,-51.55,0.719
60,21,0.32,0.1,0.14,0.3333333333333333,1.3,28.06,-60.91,0.461,39.75,-51.55,0.771
60,21,0.32,0.1,0.14,0.5,1.0,28.52,-60.01,0.475,37.06,-51.55,0.719
60,21,0.32,0.1,0.14,0.5,1.3,28.05,-60.01,0.467,39.73,-51.55,0.771
60,21,0.32,0.1,0.14,0.6666666666666666,1.0,28.31,-59.01,0.48,37.24,-51.55,0.722
60,21,0.32,0.1,0.14,0.6666666666666666,1.3,27.84,-59.01,0.472,39.92,-51.55,0.774
60,21,0.32,0.1,0.16,0.3333333333333333,1.0,30.4,-60.91,0.499,39.39,-51.55,0.764
60,21,0.32,0.1,0.16,0.3333333333333333,1.3,30.71,-60.91,0.504,41.79,-51.55,0.811
60,21,0.32,0.1,0.16,0.5,1.0,30.4,-60.01,0.507,39.38,-51.55,0.764
60,21,0.32,0.1,0.16,0.5,1.3,30.7,-60.01,0.512,41.78,-51.55,0.81
60,21,0.32,0.1,0.16,0.6666666666666666,1.0,30.18,-59.01,0.511,39.56,-51.55,0.767
60,21,0.32,0.1,0.16,0.6666666666666666,1.3,30.49,-59.01,0.517,41.96,-51.55,0.814
60,21,0.32,0.1,0.18,0.3333333333333333,1.0,30.09,-60.91,0.494,38.72,-50.65,0.764
60,21,0.32,0.1,0.18,0.3333333333333333,1.3,30.15,-60.91,0.495,40.22,-53.2,0.756
60,21,0.32,0.1,0.18,0.5,1.0,30.08,-60.01,0.501,38.71,-50.65,0.764
60,21,0.32,0.1,0.18,0.5,1.3,30.14,-60.01,0.502,40.21,-53.2,0.756
60,21,0.32,0.1,0.18,0.6666666666666666,1.0,29.86,-59.01,0.506,38.89,-50.65,0.768
60,21,0.32,0.1,0.18,0.6666666666666666,1.3,29.92,-59.01,0.507,40.39,-53.2,0.759
60,21,0.32,0.14,0.14,0.3333333333333333,1.0,27.13,-63.65,0.426,36.82,-51.55,0.714
60,21,0.32,0.14,0.14,0.3333333333333333,1.3,26.67,-63.65,0.419,39.48,-51.55,0.766
60,21,0.32,0.14,0.14,0.5,1.0,27.45,-62.18,0.442,36.9,-51.55,0.716
60,21,0.32,0.14,0.14,0.5,1.3,26.99,-62.18,0.434,39.57,-51.55,0.767
60,21,0.32,0.14,0.14,0.6666666666666666,1.0,26.98,-63.5,0.425,36.98,-51.55,0.717
60,21,0.32,0.14,0.14,0.6666666666666666,1.3,26.51,-63.5,0.418,39.65,-51.55,0.769
60,21,0.32,0.14,0.16,0.3333333333333333,1.0,28.99,-63.65,0.455,39.13,-51.55,0.759
60,21,0.32,0.14,0.16,0.3333333333333333,1.3,29.29,-63.65,0.46,41.52,-51.55,0.805
60,21,0.32,0.14,0.16,0.5,1.0,29.32,-62.18,0.471,39.21,-51.55,0.761
60,21,0.32,0.14,0.16,0.5,1.3,29.62,-62.18,0.476,41.61,-51.55,0.807
60,21,0.32,0.14,0.16,0.6666666666666666,1.0,28.83,-63.5,0.454,39.29,-51.55,0.762
60,21,0.32,0.14,0.16,0.6666666666666666,1.3,29.13,-63.5,0.459,41.69,-51.55,0.809
60,21,0.32,0.14,0.18,0.3333333333333333,1.0,28.68,-63.65,0.451,38.46,-50.65,0.759
60,21,0.32,0.14,0.18,0.3333333333333333,1.3,28.73,-63.65,0.451,39.95,-53.2,0.751
60,21,0.32,0.14,0.18,0.5,1.0,29.0,-62.18,0.466,38.54,-50.65,0.761
60,21,0.32,0.14,0.18,0.5,1.3,29.06,-62.18,0.467,40.04,-53.2,0.753
60,21,0.32,0.14,0.18,0.6666666666666666,1.0,28.52,-63.5,0.449,38.62,-50.65,0.763
60,21,0.32,0.14,0.18,0.6666666666666666,1.3,28.58,-63.5,0.45,40.12,-53.2,0.754
