Date,bond_tr
1953-04-01,1.0
1953-05-01,0.9835793558574956
1953-06-01,0.9811016431685147
1953-07-01,0.9984913468459077
1953-08-01,0.9992339639931891
1953-09-01,1.0084695579996914
1953-10-01,1.0289194128458246
1953-11-01,1.029427287142908
1953-12-01,1.0396996095114086
1954-01-01,1.051834467108862
1954-02-01,1.054923411599768
1954-03-01,1.0662782329686884
1954-04-01,1.0758507944027527
1954-05-01,1.0703369995044048
1954-06-01,1.0715140296257257
1954-07-01,1.0811384076924349
1954-08-01,1.0775106739687015
1954-09-01,1.0777424130469038
1954-10-01,1.0751656860112868
1954-11-01,1.0726527995579553
1954-12-01,1.0720698163186915
1955-01-01,1.0649999480650842
1955-02-01,1.0636361560190146
1955-03-01,1.063234443678971
1955-04-01,1.0592039102729873
1955-05-01,1.0607231805621375
1955-06-01,1.0613450854260216
1955-07-01,1.0529028032660834
1955-08-01,1.0491799819291496
1955-09-01,1.0517767023844242
1955-10-01,1.062398706408284
1955-11-01,1.0640440724714093
1955-12-01,1.0602695492814513
1956-01-01,1.0682768767097293
1956-02-01,1.0763089883697423
1956-03-01,1.0678375303228858
1956-04-01,1.050559759276212
1956-05-01,1.0630225674825151
1956-06-01,1.072011639419395
1956-07-01,1.064718526315158
1956-08-01,1.0477850008487495
1956-09-01,1.0463401190079606
1956-10-01,1.0527551495466496
1956-11-01,1.0425729884785055
1956-12-01,1.0370176782292542
1957-01-01,1.0511648989604117
1957-02-01,1.0646023878406123
1957-03-01,1.061377582536407
1957-04-01,1.0582476552252376
1957-05-01,1.0508510723124758
1957-06-01,1.0367941678613364
1957-07-01,1.029158231422421
1957-08-01,1.0325287246303294
1957-09-01,1.0367409573669444
1957-10-01,1.0359549737009817
1957-11-01,1.0601744024121502
1957-12-01,1.1074510164919669
1958-01-01,1.1215259360985719
1958-02-01,1.1281895171992375
1958-03-01,1.137718057245736
1958-04-01,1.1501760336840496
1958-05-01,1.149020003126806
1958-06-01,1.1469359213008234
1958-07-01,1.1274278883366486
1958-08-01,1.0983637150151835
1958-09-01,1.0817538304016554
1958-10-01,1.0816304119293323
1958-11-01,1.0903131053954764
1958-12-01,1.0830777655370385
1959-01-01,1.0725676757019014
1959-02-01,1.0813135386999024
1959-03-01,1.0822761861124166
1959-04-01,1.0745914064872242
1959-05-01,1.062019516390623
1959-06-01,1.0633217883076196
1959-07-01,1.0621449752487913
1959-08-01,1.063538968312338
1959-09-01,1.0466330033565951
1959-10-01,1.0628548934343285
1959-11-01,1.0668671706570432
1959-12-01,1.0575904964768603
1960-01-01,1.05927177507778
1960-02-01,1.0822382665716905
1960-03-01,1.106573962569756
1960-04-01,1.107867224614718
1960-05-01,1.1056941867700891
1960-06-01,1.1271019246501048
1960-07-01,1.1534061820536985
1960-08-01,1.1664490940491772
1960-09-01,1.1701428495136663
1960-10-01,1.165316651437446
1960-11-01,1.1653360909932562
1960-12-01,1.1775905057156786
1961-01-01,1.1813587953339688
1961-02-01,1.190869188881283
1961-03-01,1.1984835567921854
1961-04-01,1.1983226855716644
1961-05-01,1.2089001924281202
1961-06-01,1.1959083724802855
1961-07-01,1.1959163012229939
1961-08-01,1.1882709953707629
1961-09-01,1.197974061709316
1961-10-01,1.2077148224080128
1961-11-01,1.2097157018768991
1961-12-01,1.2020147733791597
1962-01-01,1.2041607940722536
1962-02-01,1.2120993079627267
1962-03-01,1.2268443716004522
1962-04-01,1.2397455936990895
1962-05-01,1.2407061576618879
1962-06-01,1.240701910410297
1962-07-01,1.2347520679202486
1962-08-01,1.241845732807233
1962-09-01,1.2459645211543768
1962-10-01,1.2550957397123768
1962-11-01,1.2602159414426437
1962-12-01,1.270419181253016
1963-01-01,1.2775834242652402
1963-02-01,1.2723609286091477
1963-03-01,1.2754931090233261
1963-04-01,1.2755656549769379
1963-05-01,1.2838818518066537
1963-06-01,1.2818890298918795
1963-07-01,1.2830672126194467
1963-08-01,1.2894201643639838
1963-09-01,1.2854500480997941
1963-10-01,1.2867426616671245
1963-11-01,1.290124384674968
1963-12-01,1.2935262913790624
1964-01-01,1.293859442903179
1964-02-01,1.3004111402697711
1964-03-01,1.2976699235486686
1964-04-01,1.3012053267155443
1964-05-01,1.3088830502984983
1964-06-01,1.3165782947741416
1964-07-01,1.319061775434266
1964-08-01,1.3236674994668238
1964-09-01,1.3272389726232205
1964-10-01,1.3329369180410253
1964-11-01,1.341821840764382
1964-12-01,1.343261318212536
1965-01-01,1.3468739002514762
1965-02-01,1.3494392412536136
1965-03-01,1.3541735239250114
1965-04-01,1.359997817967336
1965-05-01,1.3636792208740431
1965-06-01,1.3684634621406093
1965-07-01,1.3743492171408862
1965-08-01,1.3737095829557744
1965-09-01,1.3742284633164732
1965-10-01,1.3726331338810396
1965-11-01,1.366808807722168
1965-12-01,1.3536912449187652
1966-01-01,1.3599530321203512
1966-02-01,1.3419567969316617
1966-03-01,1.3432398430468675
1966-04-01,1.361032133967527
1966-05-01,1.3632737589323243
1966-06-01,1.365558102679937
1966-07-01,1.3490072010307201
1966-08-01,1.3341549467339286
1966-09-01,1.3439705799366413
1966-10-01,1.3669844510135316
1966-11-01,1.3571069462241163
1966-12-01,1.3956929984709616
1967-01-01,1.429148808404115
1967-02-01,1.4290486883393911
1967-03-01,1.444533983167941
1967-04-01,1.4443728164022913
1967-05-01,1.4207207198798995
1967-06-01,1.407951956333021
1967-07-01,1.3988680804356675
1967-08-01,1.3922238520677068
1967-09-01,1.3962627975833724
1967-10-01,1.3836130908121207
1967-11-01,1.3622216011597568
1967-12-01,1.3737313262885027
1968-01-01,1.3973838154880238
1968-02-01,1.4007219052383761
1968-03-01,1.388587162727215
1968-04-01,1.405392148553719
1968-05-01,1.3882180027362858
1968-06-01,1.410147754028279
1968-07-01,1.4395983544023947
1968-08-01,1.4547302856391884
1968-09-01,1.4569712337345737
1968-10-01,1.4506185439721295
1968-11-01,1.4445183589889043
1968-12-01,1.4164195888788076
1969-01-01,1.4225157143932685
1969-02-01,1.4142968797593156
1969-03-01,1.4104650360238693
1969-04-01,1.430911616358705
1969-05-01,1.4229014627530743
1969-06-01,1.405119874670234
1969-07-01,1.3980254653508184
1969-08-01,1.408774789245185
1969-09-01,1.3704545602932217
1969-10-01,1.3842322656755222
1969-11-01,1.3886396782897674
1969-12-01,1.3486165903473109
1970-01-01,1.3446632643812377
1970-02-01,1.4022158341257307
1970-03-01,1.4268475190135828
1970-04-01,1.4040145677408842
1970-05-01,1.3634995869973454
1970-06-01,1.378751149217612
1970-07-01,1.4222616108740436
1970-08-01,1.4244227110510546
1970-09-01,1.4466961562841214
1970-10-01,1.461450300393949
1970-11-01,1.5187415908119946
1970-12-01,1.574700315651442
1971-01-01,1.5998093091961383
1971-02-01,1.6229658607539013
1971-03-01,1.6790173256513619
1971-04-01,1.6709847037101853
1971-05-01,1.6109318082698105
1971-06-01,1.6046826517920927
1971-07-01,1.5896989321828436
1971-08-01,1.615210007412104
1971-09-01,1.6739036095645607
1971-10-01,1.7076747821906868
1971-11-01,1.7309661394825981
1971-12-01,1.7241989150791768
1972-01-01,1.730219945164338
1972-02-01,1.7225128765776478
1972-03-01,1.7324792175940094
1972-04-01,1.726281715465549
1972-05-01,1.7425947394956254
1972-06-01,1.75399688650587
1972-07-01,1.762927653986329
1972-08-01,1.7592431605048018
1972-09-01,1.7256088920062425
1972-10-01,1.7435111938163759
1972-11-01,1.7775025919849703
1972-12-01,1.7766804890697823
1973-01-01,1.7734985511368015
1973-02-01,1.7605238777573182
1973-03-01,1.761649674330871
1973-04-01,1.7764093274045103
1973-05-01,1.7639622497129435
1973-06-01,1.7679302210390777
1973-07-01,1.7500371585690075
1973-08-01,1.7282034747921475
1973-09-01,1.7749177500044597
1973-10-01,1.8217995156830742
1973-11-01,1.8396923364138458
1973-12-01,1.8487295911644053
1974-01-01,1.8269634100187737
1974-02-01,1.841370478703254
1974-03-01,1.8203803908424732
1974-04-01,1.7942136151655068
1974-05-01,1.7970355192370868
1974-06-01,1.8131816288755016
1974-07-01,1.791853775500518
1974-08-01,1.7763354268469118
1974-09-01,1.788236874206786
1974-10-01,1.8165435926326257
1974-11-01,1.8547428052679151
1974-12-01,1.8973906563455787
1975-01-01,1.9002129920339226
1975-02-01,1.926087550974645
1975-03-01,1.8938525559330999
1975-04-01,1.8433541280814072
1975-05-01,1.876242164432931
1975-06-01,1.9132902253367974
1975-07-01,1.9006474869486427
1975-08-01,1.871314787636335
1975-09-01,1.88081697662923
1975-10-01,1.9289264207693795
1975-11-01,1.953276320092657
1975-12-01,1.9727450845160934
1976-01-01,2.019409530280373
1976-02-01,2.0257525506158505
1976-03-01,2.046927044010645
1976-04-01,2.0831529995674254
1976-05-01,2.0489849236131574
1976-06-01,2.0678555212157153
1976-07-01,2.085481255374345
1976-08-01,2.107333324773305
1976-09-01,2.146044381208671
1976-10-01,2.185372622773498
1976-11-01,2.2165083434259105
1976-12-01,2.292971754277747
1977-01-01,2.25222175723465
1977-02-01,2.238210069393344
1977-03-01,2.2414438236217515
1977-04-01,2.268914745658354
1977-05-01,2.2690857687467596
1977-06-01,2.310599017051487
1977-07-01,2.316794615901325
1977-08-01,2.319993446669599
1977-09-01,2.3436685991503743
1977-10-01,2.3295268474779953
1977-11-01,2.3347740331298312
1977-12-01,2.3323905544584993
1978-01-01,2.3055580900508135
1978-02-01,2.3102860379518035
1978-03-01,2.3242384252371275
1978-04-01,2.3231388263538753
1978-05-01,2.3087812643666457
1978-06-01,2.3085345266742645
1978-07-01,2.2982627258685344
1978-08-01,2.348286608785014
1978-09-01,2.363240302154702
1978-10-01,2.346542487169699
1978-11-01,2.3381743867295763
1978-12-01,2.325967610124971
1979-01-01,2.3304091001212655
1979-02-01,2.3480813691305182
1979-03-01,2.362978825494222
1979-04-01,2.3721640444605767
1979-05-01,2.380065185077002
1979-06-01,2.4481759959099874
1979-07-01,2.460232357021087
1979-08-01,2.46630229432374
1979-09-01,2.438877610534149
1979-10-01,2.312912134037937
1979-11-01,2.2853974677363476
1979-12-01,2.3398850146470944
1980-01-01,2.304246290924476
1980-02-01,2.1129155934355546
1980-03-01,2.096611688843548
1980-04-01,2.2592681310769764
1980-05-01,2.4423977960618575
1980-06-01,2.520604835747587
1980-07-01,2.4701092388911405
1980-08-01,2.3680668116884696
1980-09-01,2.335235595327926
1980-10-01,2.326627700704502
1980-11-01,2.23100539047381
1980-12-01,2.235848915441517
1981-01-01,2.2912239226799627
1981-02-01,2.2403158866688484
1981-03-01,2.27298507569789
1981-04-01,2.232340189042301
1981-05-01,2.210720849870729
1981-06-01,2.3053455414676587
1981-07-01,2.236612082609934
1981-08-01,2.191033574605719
1981-09-01,2.1787322478132727
1981-10-01,2.223872178512019
1981-11-01,2.4363539567375954
1981-12-01,2.422660202541694
1982-01-01,2.3447341696184307
1982-02-01,2.3913460706613194
1982-03-01,2.48633416837763
1982-04-01,2.5138129395450486
1982-05-01,2.574156642960672
1982-06-01,2.515267934522286
1982-07-01,2.588258928478321
1982-08-01,2.7326327219546425
1982-09-01,2.8638808958710165
1982-10-01,3.111527830799103
1982-11-01,3.203523319772044
1982-12-01,3.2335403133165737
1983-01-01,3.2769089076704683
1983-02-01,3.255991919754546
1983-03-01,3.3243106068512582
1983-04-01,3.374613462207834
1983-05-01,3.4077908177642118
1983-06-01,3.343901148382375
1983-07-01,3.2730604582138136
1983-08-01,3.2184845688965282
1983-09-01,3.2853311427572702
1983-10-01,3.3370920944629567
1983-11-01,3.341528580147151
1983-12-01,3.348411190755518
1984-01-01,3.410631113641417
1984-02-01,3.411955837582359
1984-03-01,3.3563675292631308
1984-04-01,3.3353407586148007
1984-05-01,3.2336279956145777
1984-06-01,3.2451233256066754
1984-07-01,3.3145471543580713
1984-08-01,3.459450346412302
1984-09-01,3.5323611620209054
1984-10-01,3.6364222722746375
1984-11-01,3.7885125190565816
1984-12-01,3.8396715922817215
1985-01-01,3.901971229446608
1985-02-01,3.9107438438317073
1985-03-01,3.8725291020951866
1985-04-01,4.001468986786357
1985-05-01,4.168453001910392
1985-06-01,4.370178702850706
1985-07-01,4.368570004823778
1985-08-01,4.400993360612982
1985-09-01,4.428592487683922
1985-10-01,4.500439393365871
1985-11-01,4.660317641299806
1985-12-01,4.843614141808396
1986-01-01,4.901831352403776
1986-02-01,5.087505036249134
1986-03-01,5.419946862314506
1986-04-01,5.626917654669015
1986-05-01,5.505104033633526
1986-06-01,5.507636513016467
1986-07-01,5.725143961678243
1986-08-01,5.810313000297619
1986-09-01,5.734274422802269
1986-10-01,5.777574229071174
1986-11-01,5.883235314527027
1986-12-01,5.974629244306803
1987-01-01,6.022267752889241
1987-02-01,5.98778788195419
1987-03-01,6.023964100407663
1987-04-01,5.745839637860135
1987-05-01,5.562959133580498
1987-06-01,5.676964770594779
1987-07-01,5.698516556508958
1987-08-01,5.625731427040273
1987-09-01,5.433016939383723
1987-10-01,5.4425252096910945
1987-11-01,5.703773592688916
1987-12-01,5.699424549042142
1988-01-01,5.855689715747473
1988-02-01,6.068336763336349
1988-03-01,6.0470644871026344
1988-04-01,5.953436025725968
1988-05-01,5.857734948530808
1988-06-01,5.963818206158717
1988-07-01,5.955983269688469
1988-08-01,5.927025711399553
1988-09-01,6.07477162460374
1988-10-01,6.188352405693721
1988-11-01,6.171511606244286
1988-12-01,6.159864955497463
1989-01-01,6.214255838354176
1989-02-01,6.23052090004667
1989-03-01,6.205053205943459
1989-04-01,6.321778513772106
1989-05-01,6.494963866469819
1989-06-01,6.778964063087634
1989-07-01,6.939331864525378
1989-08-01,6.944943509176189
1989-09-01,6.955773446974914
1989-10-01,7.084294561614691
1989-11-01,7.196352848135979
1989-12-01,7.257745222189208
1990-01-01,7.128320236109043
1990-02-01,7.057233742274178
1990-03-01,7.052969295036946
1990-04-01,7.01390673746403
1990-05-01,7.078513010142693
1990-06-01,7.25497874922806
1990-07-01,7.310877680296121
1990-08-01,7.231766194885414
1990-09-01,7.220719789604072
1990-10-01,7.351018804125413
1990-11-01,7.557471056860126
1990-12-01,7.760494406702325
1991-01-01,7.807697697303517
1991-02-01,7.982229075845462
1991-03-01,7.89784124665967
1991-04-01,7.9871453038464875
1991-05-01,8.025033923445816
1991-06-01,7.9692681697640655
1991-07-01,8.029392216195351
1991-08-01,8.276290871031456
1991-09-01,8.466631586796654
1991-10-01,8.588143910766071
1991-11-01,8.705206476438052
1991-12-01,8.952183754919302
1992-01-01,9.041789420065973
1992-02-01,8.902600089167217
1992-03-01,8.836862397065266
1992-04-01,8.92782513354302
1992-05-01,9.037339040362957
1992-06-01,9.172104271995945
1992-07-01,9.488676966955957
1992-08-01,9.706945292806532
1992-09-01,9.875912095862095
1992-10-01,9.810059485420302
1992-11-01,9.671411462640373
1992-12-01,9.79361741544223
1993-01-01,9.96450822894805
1993-02-01,10.256649968778671
1993-03-01,10.514834123610209
1993-04-01,10.574834702956057
1993-05-01,10.573901916477112
1993-06-01,10.688091649622756
1993-07-01,10.857198057685949
1993-08-01,11.01269598727957
1993-09-01,11.323541181647052
1993-10-01,11.399474135087905
1993-11-01,11.117772850249018
1993-12-01,11.130040902990759
1994-01-01,11.19982467938002
1994-02-01,11.073248551775672
1994-03-01,10.719855924569146
1994-04-01,10.407532225341246
1994-05-01,10.317697230490039
1994-06-01,10.435596045491572
1994-07-01,10.354755605294287
1994-08-01,10.459769726612755
1994-09-01,10.366765347420554
1994-10-01,10.236433605490356
1994-11-01,10.153421450246208
1994-12-01,10.32047891951176
1995-01-01,10.408067552010252
1995-02-01,10.688653778778717
1995-03-01,10.948748575947805
1995-04-01,11.118636597642034
1995-05-01,11.51132649506909
1995-06-01,11.945314088580355
1995-07-01,11.912655086717912
1995-08-01,11.796885034452904
1995-09-01,12.101682519756917
1995-10-01,12.302628139497111
1995-11-01,12.462087506364758
1995-12-01,12.72238545536178
1996-01-01,12.838877168482373
1996-02-01,12.748283825870232
1996-03-01,12.382350720190644
1996-04-01,12.23535740102903
1996-05-01,12.103695685398273
1996-06-01,12.02854738849986
1996-07-01,12.130995816153312
1996-08-01,12.393265808109192
1996-09-01,12.297217766578926
1996-10-01,12.622672700013148
1996-11-01,12.984201714745229
1996-12-01,12.958465129913046
1997-01-01,12.768426734462166
1997-02-01,12.981700764716988
1997-03-01,12.803365736225507
1997-04-01,12.696172397463911
1997-05-01,12.926844237681953
1997-06-01,13.19725085722473
1997-07-01,13.519636393242676
1997-08-01,13.512472318263963
1997-09-01,13.66991035073645
1997-10-01,13.916465205120986
1997-11-01,14.136923294559695
1997-12-01,14.27810272699887
1998-01-01,14.628370396423254
1998-02-01,14.663453487904661
1998-03-01,14.64490623990539
1998-04-01,14.72462747117983
1998-05-01,14.783000900488364
1998-06-01,15.0156492394
1998-07-01,15.128976478836435
1998-08-01,15.332615567382483
1998-09-01,16.007990950602437
1998-10-01,16.41640454073285
1998-11-01,16.094532788611343
1998-12-01,16.381579519689915
1999-01-01,16.35624626687162
1999-02-01,16.067182251481928
1999-03-01,15.853109333630458
1999-04-01,15.981763228740151
1999-05-01,15.617310271578637
1999-06-01,15.273669485248558
1999-07-01,15.470725400680866
1999-08-01,15.375964218142862
1999-09-01,15.47435272962235
1999-10-01,15.33748448573091
1999-11-01,15.503696628908099
1999-12-01,15.3021090598483
2000-01-01,14.96818802294887
2000-02-01,15.197618422789045
2000-03-01,15.55812155731358
2000-04-01,15.93866797052991
2000-05-01,15.499967629915966
2000-06-01,15.955330923034431
2000-07-01,16.09375922062212
2000-08-01,16.429953394758023
2000-09-01,16.545684093118393
2000-10-01,16.69808911306789
2000-11-01,16.802403920057095
2000-12-01,17.47338137864903
2001-01-01,17.654664444937296
2001-02-01,17.810464365990814
2001-03-01,18.169104245978957
2001-04-01,17.895739576496275
2001-05-01,17.634643501974665
2001-06-01,17.85840857042751
2001-07-01,17.990522405863256
2001-08-01,18.433883735236254
2001-09-01,18.84718900858728
2001-10-01,19.154052877396595
2001-11-01,19.10782090557384
2001-12-01,18.5307136954344
2002-01-01,18.679443562663188
2002-02-01,18.94217431422857
2002-03-01,18.48420457132687
2002-04-01,18.662507612373876
2002-05-01,18.813722572307174
2002-06-01,19.220951092922338
2002-07-01,19.710676143568534
2002-08-01,20.382420077338043
2002-09-01,21.083211507846876
2002-10-01,21.03209018695465
2002-11-01,20.915113977153442
2002-12-01,21.019142177670606
2003-01-01,21.056089733237823
2003-02-01,21.379642188376955
2003-03-01,21.6041787177969
2003-04-01,21.410380978897365
2003-05-01,22.151750820294023
2003-06-01,22.653679453536817
2003-07-01,21.49320325986957
2003-08-01,20.753926676449844
2003-09-01,21.12327527549115
2003-10-01,21.16505781575688
2003-11-01,21.224016996361105
2003-12-01,21.35030048867153
2004-01-01,21.628711267931514
2004-02-01,21.823902346565944
2004-03-01,22.333568164656718
2004-04-01,21.465519779481937
2004-05-01,20.918422558100907
2004-06-01,20.984559883019983
2004-07-01,21.43951423659332
2004-08-01,21.888107683916953
2004-09-01,22.225461504253175
2004-10-01,22.355030431736896
2004-11-01,22.270997953662576
2004-12-01,22.278072547949453
2005-01-01,22.3742430547066
2005-02-01,22.541554952198123
2005-03-01,22.028998051783365
2005-04-01,22.386747792969427
2005-05-01,22.820185036545098
2005-06-01,23.153097117703055
2005-07-01,22.896227351412072
2005-08-01,22.830559970750723
2005-09-01,23.01990311347385
2005-10-01,22.625799480220813
2005-11-01,22.568296642081023
2005-12-01,22.776741900777353
2006-01-01,22.950625865562355
2006-02-01,22.765289594766358
2006-03-01,22.586400792464644
2006-04-01,22.204660134962797
2006-05-01,22.094263299204318
2006-06-01,22.18834803708676
2006-07-01,22.316386873794468
2006-08-01,22.765758596801895
2006-09-01,23.13707333939288
2006-10-01,23.210225324580758
2006-11-01,23.53442403762655
2006-12-01,23.697739901164397
2007-01-01,23.418977704833093
2007-02-01,23.58400717093374
2007-03-01,23.967950377375217
2007-04-01,23.816566265859745
2007-05-01,23.799206792373756
2007-06-01,23.251654181205545
2007-07-01,23.52637214231736
2007-08-01,24.214787097765495
2007-09-01,24.59004053352269
2007-10-01,24.663487692097625
2007-11-01,25.48704687748817
2007-12-01,25.676524166540368
2008-01-01,26.50123663148353
2008-02-01,26.58383215231832
2008-03-01,27.163607364480853
2008-04-01,26.86310925436933
2008-05-01,26.50744081071109
2008-06-01,26.122724124920584
2008-07-01,26.39942463140252
2008-08-01,26.741430396762034
2008-09-01,27.259320744708134
2008-10-01,27.076580039828343
2008-11-01,27.776411616447064
2008-12-01,30.392227906662942
2009-01-01,30.18821899250111
2009-02-01,29.334336583258082
2009-03-01,29.529419989958782
2009-04-01,29.32139708899424
2009-05-01,28.496849263925004
2009-06-01,27.554751887465258
2009-07-01,27.998865264896775
2009-08-01,28.013001659572467
2009-09-01,28.532862920724774
2009-10-01,28.637321912722495
2009-11-01,28.694507255047814
2009-12-01,28.324564647160063
2010-01-01,28.084424532015124
2010-02-01,28.263068615449946
2010-03-01,28.257851366871048
2010-04-01,28.069948915037948
2010-05-01,29.135228734405352
2010-06-01,29.748211572649254
2010-07-01,30.300424009481066
2010-08-01,31.170417138301293
2010-09-01,31.37452966077618
2010-10-01,31.741309713832788
2010-11-01,31.202921075291083
2010-12-01,29.857670210746342
2011-01-01,29.690938014995993
2011-02-01,29.307650307454463
2011-03-01,29.803490114022516
2011-04-01,29.764910294353985
2011-05-01,30.562864609202755
2011-06-01,31.07899988512736
2011-07-01,31.156697384840175
2011-08-01,33.07913424256581
2011-09-01,34.07265808818524
2011-10-01,33.61084890228808
2011-11-01,34.08796611079883
2011-12-01,34.23636981926138
2012-01-01,34.323478540584425
2012-02-01,34.379826251188554
2012-03-01,33.82098600171822
2012-04-01,34.24132450357408
2012-05-01,35.06244202516465
2012-06-01,35.68512869004572
2012-07-01,36.026330864210124
2012-08-01,35.57673565290433
2012-09-01,35.49713733962188
2012-10-01,35.45139461549953
2012-11-01,35.824216803053545
2012-12-01,35.645058650279516
2013-01-01,35.08166082535514
2013-02-01,34.91702372036273
2013-03-01,35.03709169406721
2013-04-01,35.72170924682971
2013-05-01,35.224336309836076
2013-06-01,34.11217454423855
2013-07-01,33.338283079088065
2013-08-01,32.9483950572722
2013-09-01,32.82578925116058
2013-10-01,33.43561140604923
2013-11-01,33.21992367363532
2013-12-01,32.781744084214736
2014-01-01,32.972470192609414
2014-02-01,33.472540895099215
2014-03-01,33.519373887232284
2014-04-01,33.62413483829367
2014-05-01,34.13341049617813
2014-06-01,34.0879557249936
2014-07-01,34.33859878913813
2014-08-01,34.768623945542124
2014-09-01,34.504888081460486
2014-10-01,35.26623438968131
2014-11-01,35.240863700260206
2014-12-01,35.68026732927497
2015-01-01,36.785727116980034
2015-02-01,36.512544583572875
2015-03-01,36.37686406785392
2015-04-01,36.76295766466971
2015-05-01,35.96566047596256
2015-06-01,35.52316477666882
2015-07-01,35.71747159008215
2015-08-01,36.2567771984508
2015-09-01,36.322341537218
2015-10-01,36.7094771734456
2015-11-01,36.152116646637744
2015-12-01,36.28387607060773
2016-01-01,36.83142118894333
2016-02-01,37.91050759394015
2016-03-01,37.589633647462435
2016-04-01,37.91912191031018
2016-05-01,37.97631658585823
2016-06-01,38.61644074422689
2016-07-01,39.16193035276974
2016-08-01,38.99505851413382
2016-09-01,38.795868159453015
2016-10-01,38.388664040820856
2016-11-01,37.12433377929598
2016-12-01,36.038709271467134
2017-01-01,36.30152041930166
2017-02-01,36.40670195883143
2017-03-01,36.28944126025151
2017-04-01,36.93276765634114
2017-05-01,37.00355546101579
2017-06-01,37.43214030278987
2017-07-01,37.07027147732985
2017-08-01,37.49985326168458
2017-09-01,37.602029814783194
2017-10-01,37.13940140041341
2017-11-01,37.244968868703864
2017-12-01,37.15472184689947
2018-01-01,36.64459456623109
2018-02-01,35.8355338770101
2018-03-01,35.982019871590815
2018-04-01,35.97508575808049
2018-05-01,35.72407241144475
2018-06-01,36.0245110628093
2018-07-01,36.17310397377379
2018-08-01,36.26022086584396
2018-09-01,36.00819138666824
2018-10-01,35.64140524107939
2018-11-01,35.824663284838266
2018-12-01,36.79077444006799
2019-01-01,37.25439014498661
2019-02-01,37.43454840822065
2019-03-01,37.87252755041627
2019-04-01,38.08479494386638
2019-05-01,38.5946788290282
2019-06-01,39.784860973181964
2019-07-01,39.88889422725694
2019-08-01,41.48458205392404
2019-09-01,41.27613005567748
2019-10-01,41.29711217471929
2019-11-01,40.981054550090676
2019-12-01,40.85787982769428
2020-01-01,41.28905146005965
2020-02-01,42.32146941841552
2020-03-01,44.8233566217458
2020-04-01,45.75159202882611
2020-05-01,45.7326968508057
2020-06-01,45.49413873366862
2020-07-01,46.001821418162805
2020-08-01,45.892388235596336
2020-09-01,45.78458890440654
2020-10-01,45.32609007407424
2020-11-01,45.00930347433989
2020-12-01,44.78494825141988
2021-01-01,44.18255505244175
2021-02-01,43.47443303098671
2021-03-01,42.103567514552466
2021-04-01,42.04474822716802
2021-05-01,42.17884597889905
2021-06-01,42.62062097044839
2021-07-01,43.45668451712181
2021-08-01,43.66576457404141
2021-09-01,43.346902156568845
2021-10-01,42.55418279896218
2021-11-01,42.68803738050158
2021-12-01,43.09523753177308
2022-01-01,41.99818256937667
2022-02-01,41.41341885416392
2022-03-01,40.73722520280056
2022-04-01,38.56934743265012
2022-05-01,38.16174398871085
2022-06-01,37.47514991224648
2022-07-01,38.32813287144705
2022-08-01,38.42075919255305
2022-09-01,36.48800641905976
2022-10-01,35.21475890511422
2022-11-01,35.585859385233455
2022-12-01,36.47587292564925
2023-01-01,36.85442990914605
2023-02-01,36.29643832445698
2023-03-01,36.67521374995512
2023-04-01,37.385765115067365
2023-05-01,37.15428173779743
2023-06-01,36.71631698809963
2023-07-01,36.38369110481784
2023-08-01,35.71033608827592
2023-09-01,35.23873830889629
2023-10-01,34.20469025006653
2023-11-01,35.130025810993516
2023-12-01,36.578079795297384
2024-01-01,36.58346564246178
2024-02-01,36.268792264156566
2024-03-01,36.396035277016644
2024-04-01,35.57168278359606
2024-05-01,35.872520239034635
2024-06-01,36.48299446592358
2024-07-01,36.78662621519103
2024-08-01,38.02262524877784
2024-09-01,38.60557244336398
2024-10-01,37.53169924306408
2024-11-01,36.881911938412046
2024-12-01,36.928904126066136
2025-01-01,36.36812101758508
2025-02-01,37.01597687548661
2025-03-01,37.64576245613558
2025-04-01,37.780032342229134
2025-05-01,37.49707547493094
2025-06-01,37.75276820868523
2025-07-01,37.86090825226384
2025-08-01,38.385864832734434
2025-09-01,38.94698753886668
2025-10-01,39.26682164073624
2025-11-01,39.30555297474426
2025-12-01,39.2827454697353
2026-01-01,39.19949567342367
2026-02-01,39.58559618405826
2026-03-01,39.3437014926385
2026-04-01,39.26520150485914
